#Pdb,Mutation(s)_cleaned,iMutation_Location(s),deltaG_wt,deltaG_mut,stabalizing,broke_sb
1A22_A_B,DA160A,COR,-12.333752736537855,-11.54322662207653,0,2
1A22_A_B,DA26A,SUR,-12.333752736537855,-12.544959202647838,1,0
1A22_A_B,DB160A,SUR,-12.813948242668715,-12.860113475035398,1,0
1A22_A_B,DB85A,SUP,-12.813948242668715,-11.832021987361172,0,0
1A22_A_B,DB91A,SUR,-12.813948242668715,-11.728777945751451,0,1
1A22_A_B,EA163A,COR,-12.333752736537855,-13.257896417934505,1,1
1A22_A_B,EA175A,SUR,-12.333752736537855,-12.345715848864357,1,0
1A22_A_B,EA56A,RIM,-12.333752736537855,-11.923302916644387,0,2
1A22_A_B,EA65A,RIM,-12.333752736537855,-12.806592198759091,1,0
1A22_A_B,EB10A,INT,-12.813948242668715,-11.582598782988315,0,0
1A22_A_B,EB128A,INT,-12.813948242668715,-12.731187660667207,0,1
1A22_A_B,EB12A,RIM,-12.813948242668715,-12.163400669709818,0,0
1A22_A_B,EB130A,INT,-12.813948242668715,-12.893019380213534,1,1
1A22_A_B,EB135A,INT,-12.813948242668715,-12.614704888885234,0,0
1A22_A_B,EB162A,SUR,-12.813948242668715,-12.893019380213534,1,0
1A22_A_B,EB164A,INT,-12.813948242668715,-12.876337884996484,1,1
1A22_A_B,EB179A,SUR,-12.813948242668715,-12.705985818168449,0,0
1A22_A_B,EB34A,RIM,-12.813948242668715,-12.893019380213534,1,0
1A22_A_B,EB38A,SUR,-12.813948242668715,-12.893019380213534,1,1
1A22_A_B,EB41A,SUR,-12.813948242668715,-12.031265341144653,0,0
1A22_A_B,EB50A,SUR,-12.813948242668715,-12.636240131931055,0,0
1A22_A_B,EB86A,RIM,-12.813948242668715,-12.403498422775247,0,2
1A22_A_B,HA18A,COR,-12.333752736537855,-12.81989958843861,1,1
1A22_A_B,HA21A,SUP,-12.333752736537855,-12.178392708945777,0,1
1A22_A_B,KA157A,COR,-12.333752736537855,-12.48852090608996,1,0
1A22_A_B,KA161A,SUP,-12.333752736537855,-10.319720375333391,0,0
1A22_A_B,KB134A,INT,-12.813948242668715,-12.813948242668715,0,1
1A22_A_B,KB158A,SUR,-12.813948242668715,-12.573850489603284,0,0
1A22_A_B,KB161A,SUR,-12.813948242668715,-12.614704888885234,0,0
1A22_A_B,KB170A,INT,-12.813948242668715,-12.314336114427146,0,1
1A22_A_B,KB40A,SUR,-12.813948242668715,-12.670086710729878,0,1
1A22_A_B,KB69A,INT,-12.813948242668715,-12.77112327943947,0,0
1A22_A_B,RA156A,COR,-12.333752736537855,-12.055438245209551,0,2
1A22_A_B,RA167A,COR,-12.333752736537855,-9.909270555439926,0,0
1A22_A_B,RA172A,RIM,-12.333752736537855,-11.791167588079222,0,0
1A22_A_B,RA64A,COR,-12.333752736537855,-10.691953456963988,0,2
1A22_A_B,RB11A,SUP,-12.813948242668715,-12.535633751340413,0,2
1A22_A_B,RB166A,INT,-12.813948242668715,-12.757509946110837,0,0
1A22_A_B,RB168A,INT,-12.813948242668715,-13.004375246205218,1,1
1A22_A_B,RB172A,COR,-12.813948242668715,-12.482569560320066,0,0
1A22_A_B,RB29A,SUP,-12.813948242668715,-12.396142378865624,0,0
1A22_A_B,RB30A,COR,-12.813948242668715,-12.214924797652206,0,2
1A22_A_B,RB7A,SUR,-12.813948242668715,-12.544959202647838,0,1
1A4Y_A_B,DA435A,COR,-21.009849011378062,-17.526058893408862,0,2
1A4Y_A_B,EA287A,SUR,-20.817148861404444,-20.7165424808138,0,0
1A4Y_A_B,EA344A,COR,-20.817148861404444,-20.638629024810143,0,0
1A4Y_A_B,EA401A,COR,-20.817148861404444,-19.93385957928974,0,0
1A4Y_A_B,EB108A,COR,-20.86272164357694,-21.185283975678605,1,1
1A4Y_A_B,HB84A,COR,-20.817148861404444,-20.646796794576407,0,0
1A4Y_A_B,HB8A,RIM,-20.86272164357694,-19.9590614217885,0,0
1A4Y_A_B,KA320A,COR,-20.817148861404444,-21.12699230070727,1,0
1A4Y_A_B,KB40G,SUP,-21.009849011378062,-17.774676993756,0,2
1A4Y_A_B,KB40Q,SUP,-20.655078802583542,-16.40479047916384,0,2
1A4Y_A_B,RA457A,RIM,-20.817148861404444,-21.041022204508785,1,0
1A4Y_A_B,RB31A,COR,-21.025230497467714,-20.77483415578514,0,2
1A4Y_A_B,RB32A,RIM,-20.655078802583542,-19.745285954166697,0,2
1A4Y_A_B,RB33A,SUR,-21.025230497467714,-20.698320922518796,0,0
1A4Y_A_B,RB5A,COR,-20.655078802583542,-18.346958533195796,0,1
1A4Y_A_B,RB66A,SUR,-20.655078802583542,-20.45227182368347,0,0
1A4Y_A_B,RB70A,INT,-20.655078802583542,-20.88689454764184,1,0
1AO7_ABC_DE,DA61A,SUR,-8.256605761480676,-7.877238208971927,0,1
1AO7_ABC_DE,DD26A,COR,-7.415855528204363,-6.437347646659967,0,0
1AO7_ABC_DE,DD26M,COR,-7.741567622624475,-7.530361156514492,0,0
1AO7_ABC_DE,DD26V,COR,-7.741567622624475,-6.378082834378911,0,0
1AO7_ABC_DE,DD26W,COR,-7.741567622624475,-8.821474294486661,1,0
1AO7_ABC_DE,DD93A,COR,-7.5565937284635645,-6.777359607332851,0,2
1AO7_ABC_DE,DD93N,COR,-7.65270859413944,-5.1944247778061206,0,2
1AO7_ABC_DE,EA154A,RIM,-8.256605761480676,-7.895238194235463,0,0
1AO7_ABC_DE,EA166A,RIM,-7.920693593924895,-5.721716576225434,0,2
1AO7_ABC_DE,EA55A,SUP,-8.256605761480676,-7.401392433996602,0,1
1AO7_ABC_DE,EA58A,RIM,-7.836230644842519,-8.323515750541478,1,0
1AO7_ABC_DE,EA63A,INT,-8.256605761480676,-8.098148147471882,0,1
1AO7_ABC_DE,EE28A,RIM,-7.52251794357723,-5.501386104290249,0,0
1AO7_ABC_DE,HA151A,RIM,-8.256605761480676,-8.559093156873876,1,0
1AO7_ABC_DE,HA70A,INT,-8.256605761480676,-5.10259833589133,0,0
1AO7_ABC_DE,HA74A,INT,-8.256605761480676,-6.65302322016968,0,0
1AO7_ABC_DE,KA146A,SUR,-8.256605761480676,-7.794631813644822,0,0
1AO7_ABC_DE,KA66A,SUP,-8.066453758835747,-5.440664599581221,0,1
1AO7_ABC_DE,KA68A,RIM,-8.256605761480676,-8.063158414032907,0,0
1AO7_ABC_DE,KD66A,COR,-7.649523131855274,-6.4385969183861835,0,2
1AO7_ABC_DE,KD97P,RIM,-7.714020613022044,-7.981665375689906,1,0
1AO7_ABC_DE,RA170A,RIM,-7.985313187251361,-8.06192765319188,1,1
1AO7_ABC_DE,RA65A,RIM,-7.936914651183365,-4.894934066221592,0,2
1AO7_ABC_DE,RA75A,SUR,-8.256605761480676,-7.722151000513768,0,1
1AO7_ABC_DE,RD27A,RIM,-7.751258030852406,-7.261043738692226,0,0
1AO7_ABC_DE,RD27F,RIM,-7.741567622624475,-7.940810976407959,1,0
1AO7_ABC_DE,RD27P,RIM,-7.714020613022044,-7.406174322053137,0,0
1AO7_ABC_DE,RE92A,SUP,-7.769577457333497,-7.379782447086136,0,0
1AO7_ABC_DE,RE99A,RIM,-7.558660585429967,-7.493997796665079,0,0
1AO7_ABC_DE,RE99P,RIM,-7.714020613022044,-9.65472930779999,1,0
1AO7_ABC_DE,RE99Q,RIM,-7.741567622624475,-7.3311178027310095,0,0
1BD2_ABC_DE,DD30N,COR,-7.999615873533656,-6.063170806494053,0,0
1BD2_ABC_DE,ED93A,COR,-7.981665375689906,-6.666636553498314,0,2
1BD2_ABC_DE,EE28A,SUP,-7.895238194235463,-5.061525872191638,0,0
1BD2_ABC_DE,RA65A,COR,-7.981665375689906,-5.483689686225477,0,2
1BJ1_HL_VW,HH101Y,COR,-11.640890457959651,-13.22439806256218,1,0
1BRS_A_D,DA52A,INT,-18.25168461372305,-18.779532273475944,1,0
1BRS_A_D,DD35A,COR,-16.279617098417706,-11.995370787019983,0,0
1BRS_A_D,DD39A,COR,-16.279617098417706,-9.489978377397236,0,2
1BRS_A_D,EA58A,RIM,-18.25168461372305,-18.15723857719434,0,0
1BRS_A_D,EA71A,SUP,-18.530718754294668,-16.179007335367725,0,0
1BRS_A_D,EA71C,SUP,-19.088787035437907,-16.56129772168309,0,0
1BRS_A_D,EA71F,SUP,-19.088787035437907,-16.85473185787648,0,0
1BRS_A_D,EA71Q,SUP,-19.088787035437907,-17.637414759400546,0,0
1BRS_A_D,EA71S,SUP,-19.088787035437907,-16.07981352316179,0,0
1BRS_A_D,EA71W,SUP,-19.088787035437907,-17.432365928531166,0,0
1BRS_A_D,EA71Y,SUP,-19.088787035437907,-16.67626796666648,0,0
1BRS_A_D,ED74A,RIM,-16.279617098417706,-15.186305499476994,0,2
1BRS_A_D,ED78A,SUR,-16.279617098417706,-15.803099614241656,0,0
1BRS_A_D,HA100A,COR,-18.404986476367387,-12.060902486050441,0,2
1BRS_A_D,HA100G,COR,-18.027789642585546,-11.21036570135772,0,2
1BRS_A_D,HA100L,COR,-18.027789642585546,-10.365293157505887,0,2
1BRS_A_D,HA100Q,COR,-18.027789642585546,-13.47948785486357,0,2
1BRS_A_D,KA25A,COR,-18.530718754294668,-13.407243560638356,0,0
1BRS_A_D,RA57A,COR,-18.404986476367387,-13.418744693936834,0,2
1BRS_A_D,RA81Q,COR,-19.088787035437907,-13.671487645299967,0,1
1BRS_A_D,RA85A,SUP,-19.01110702164187,-13.255592883726067,0,2
1CBW_FGH_I,KI15A,COR,-10.68532398204077,-8.631139643077287,0,0
1CBW_FGH_I,KI15F,COR,-10.721259647661107,-12.684948763715674,1,0
1CBW_FGH_I,KI15G,COR,-10.721259647661107,-6.60868220902222,0,0
1CBW_FGH_I,KI15I,COR,-10.721259647661107,-7.790958586964176,0,0
1CBW_FGH_I,KI15L,COR,-10.721259647661107,-12.301797766496465,1,0
1CBW_FGH_I,KI15M,COR,-10.721259647661107,-12.147825881852263,1,0
1CBW_FGH_I,KI15N,COR,-10.721259647661107,-9.397792288068407,0,0
1CBW_FGH_I,KI15Q,COR,-10.721259647661107,-10.415679228490287,0,0
1CBW_FGH_I,KI15S,COR,-10.721259647661107,-7.331615520153274,0,0
1CBW_FGH_I,KI15T,COR,-10.721259647661107,-8.635673469764921,0,0
1CBW_FGH_I,KI15V,COR,-10.721259647661107,-8.586502761338632,0,0
1CBW_FGH_I,KI15W,COR,-10.721259647661107,-13.156293802720034,1,0
1CBW_FGH_I,KI15Y,COR,-10.721259647661107,-13.33483863292706,1,0
1CBW_FGH_I,KI46A,SUR,-10.667356149230603,-10.547392125099384,0,0
1CBW_FGH_I,RI17A,COR,-10.667356149230603,-10.145468680351062,0,0
1CBW_FGH_I,RI20A,INT,-10.667356149230603,-10.343238003097879,0,0
1CBW_FGH_I,RI39A,RIM,-10.667356149230603,-10.458621386935796,0,0
1CHO_EFG_I,EI16A,COR,-15.172337996945862,-12.871566596766478,0,0
1CHO_EFG_I,EI16C,COR,-15.172337996945862,-12.481972038931124,0,0
1CHO_EFG_I,EI16F,COR,-15.172337996945862,-11.600081898147515,0,0
1CHO_EFG_I,EI16G,COR,-15.172337996945862,-11.600081898147515,0,0
1CHO_EFG_I,EI16I,COR,-15.172337996945862,-12.56668405929768,0,0
1CHO_EFG_I,EI16L,COR,-15.172337996945862,-12.343229745728898,0,0
1CHO_EFG_I,EI16M,COR,-15.172337996945862,-12.511587237404175,0,0
1CHO_EFG_I,EI16N,COR,-15.172337996945862,-12.871566596766478,0,0
1CHO_EFG_I,EI16P,COR,-15.172337996945862,-12.617633324254218,0,0
1CHO_EFG_I,EI16Q,COR,-15.172337996945862,-13.856770216411544,0,0
1CHO_EFG_I,EI16S,COR,-15.172337996945862,-12.416876506601872,0,0
1CHO_EFG_I,EI16T,COR,-15.172337996945862,-12.303449486383355,0,0
1CHO_EFG_I,EI16V,COR,-15.172337996945862,-12.766859224166275,0,0
1CHO_EFG_I,EI16W,COR,-15.172337996945862,-12.056301323072745,0,0
1CHO_EFG_I,EI16Y,COR,-15.172337996945862,-12.540324450817037,0,0
1CHO_EFG_I,KI10A,RIM,-15.172337996945862,-14.993815444398097,0,0
1CHO_EFG_I,KI10C,RIM,-15.172337996945862,-14.676073943447026,0,0
1CHO_EFG_I,KI10F,RIM,-15.172337996945862,-14.094229678687812,0,0
1CHO_EFG_I,KI10G,RIM,-15.172337996945862,-13.375282352632928,0,0
1CHO_EFG_I,KI10I,RIM,-15.172337996945862,-13.648632465390726,0,0
1CHO_EFG_I,KI10L,RIM,-15.172337996945862,-14.797012769081066,0,0
1CHO_EFG_I,KI10M,RIM,-15.172337996945862,-14.752051702105515,0,0
1CHO_EFG_I,KI10N,RIM,-15.172337996945862,-15.528299928126133,1,0
1CHO_EFG_I,KI10P,RIM,-15.172337996945862,-13.124899143729726,0,0
1CHO_EFG_I,KI10Q,RIM,-15.172337996945862,-15.737255321750585,1,0
1CHO_EFG_I,KI10S,RIM,-15.172337996945862,-15.593038295400376,1,0
1CHO_EFG_I,KI10T,RIM,-15.172337996945862,-14.797012769081066,0,0
1CHO_EFG_I,KI10V,RIM,-15.172337996945862,-13.987131916405366,0,0
1CHO_EFG_I,KI10W,RIM,-15.172337996945862,-14.16699991194709,0,0
1CHO_EFG_I,KI10Y,RIM,-15.172337996945862,-14.112042203173644,0,0
1CHO_EFG_I,RI18A,RIM,-15.172337996945862,-12.02499710936014,0,0
1CHO_EFG_I,RI18C,RIM,-15.172337996945862,-11.701706384728476,0,0
1CHO_EFG_I,RI18F,RIM,-15.172337996945862,-12.26009675711851,0,0
1CHO_EFG_I,RI18G,RIM,-15.172337996945862,-11.734755097746808,0,0
1CHO_EFG_I,RI18I,RIM,-15.172337996945862,-13.09243492855398,0,0
1CHO_EFG_I,RI18L,RIM,-15.172337996945862,-12.381225537410353,0,0
1CHO_EFG_I,RI18M,RIM,-15.172337996945862,-12.592944909339256,0,0
1CHO_EFG_I,RI18N,RIM,-15.172337996945862,-11.701706384728476,0,0
1CHO_EFG_I,RI18P,RIM,-15.172337996945862,-7.984390084075125,0,0
1CHO_EFG_I,RI18Q,RIM,-15.172337996945862,-12.72836469759598,0,0
1CHO_EFG_I,RI18S,RIM,-15.172337996945862,-12.030099373625559,0,0
1CHO_EFG_I,RI18T,RIM,-15.172337996945862,-12.540324450817037,0,0
1CHO_EFG_I,RI18V,RIM,-15.172337996945862,-13.135000932221619,0,0
1CHO_EFG_I,RI18W,RIM,-15.172337996945862,-12.766859224166275,0,0
1CHO_EFG_I,RI18Y,RIM,-15.172337996945862,-12.213393804473068,0,0
1DAN_HL_UT,DT39A,RIM,-13.813435129478785,-12.72873534367551,0,0
1DAN_HL_UT,DT53A,COR,-11.194781804081789,-9.206285741143065,0,0
1DAN_HL_UT,DU39A,SUR,-11.194781804081789,-11.221322604572622,1,0
1DAN_HL_UT,DU55A,SUR,-11.194781804081789,-11.205451532742229,1,0
1DAN_HL_UT,ET19A,RIM,-11.194781804081789,-10.537226410639766,0,2
1DAN_HL_UT,ET21A,SUR,-11.194781804081789,-11.09342489242703,0,0
1DAN_HL_UT,EU114A,RIM,-11.194781804081789,-11.199607861110227,1,0
1DAN_HL_UT,EU38A,SUR,-11.194781804081789,-11.109019590602555,0,0
1DAN_HL_UT,EU9A,SUR,-11.194781804081789,-11.370283067875173,1,2
1DAN_HL_UT,KH189A,SUR,-11.419470104999295,-11.604794390669031,1,0
1DAN_HL_UT,KT10A,RIM,-11.194781804081789,-11.59192423429574,1,0
1DAN_HL_UT,KT15A,COR,-11.194781804081789,-8.608175409522131,0,0
1DAN_HL_UT,KT23A,SUR,-11.194781804081789,-11.078230372792556,0,0
1DAN_HL_UT,KT36A,RIM,-11.194781804081789,-10.873374143622613,0,2
1DAN_HL_UT,KT41A,COR,-11.194781804081789,-10.963074383165328,0,1
1DAN_HL_UT,KT43A,SUP,-13.813435129478785,-13.127635552242381,0,2
1DAN_HL_UT,KT63A,SUR,-11.194781804081789,-11.265128600836434,1,0
1DAN_HL_UT,KU32A,INT,-11.194781804081789,-11.318328125857985,1,0
1DAN_HL_UT,KU75A,SUR,-11.194781804081789,-11.078230372792556,0,0
1DAN_HL_UT,KU87A,SUR,-11.194781804081789,-11.177726592273167,0,0
1DAN_HL_UT,RH125A,COR,-11.419470104999295,-10.675846579728358,0,0
1DAN_HL_UT,RU45A,RIM,-11.194781804081789,-10.675729047002898,0,0
1DAN_HL_UT,RU54A,INT,-11.194781804081789,-11.19767271585959,1,0
1DVF_AB_CD,DB100A,RIM,-10.862305523792024,-8.072946304973122,0,1
1DVF_AB_CD,DB54A,RIM,-10.862305523792024,-6.581287098714675,0,0
1DVF_AB_CD,DB58A,COR,-10.862305523792024,-9.262389581933963,0,0
1DVF_AB_CD,EB98A,SUP,-10.862305523792024,-6.67588914674109,0,2
1DVF_AB_CD,HA30A,RIM,-10.862305523792024,-9.213014835370307,0,0
1DVF_AB_CD,RB99A,COR,-10.862305523792024,-8.98776453506235,0,0
1E96_A_B,DA38N,SUR,-9.259010872599458,-7.095071256443127,0,0
1EMV_A_B,DA24A,SUR,-18.803116500199984,-18.466538891394485,0,0
1EMV_A_B,DA49A,COR,-18.803116500199984,-12.887965404273656,0,0
1EMV_A_B,DA58A,SUR,-18.803116500199984,-18.292060299715875,0,0
1EMV_A_B,EA28A,RIM,-18.803116500199984,-17.387194470616453,0,2
1EMV_A_B,EA29A,SUR,-18.803116500199984,-18.49625894534273,0,0
1EMV_A_B,EA30A,SUR,-18.803116500199984,-18.582841649823596,0,0
1EMV_A_B,EA39A,COR,-18.803116500199984,-16.720151292857885,0,0
1EMV_A_B,EA40A,SUR,-18.803116500199984,-18.145303143817834,0,0
1EMV_A_B,EA43A,SUR,-18.803116500199984,-18.59044972775264,0,1
1EMV_A_B,HA44A,SUP,-18.803116500199984,-17.971351346027667,0,0
1EMV_A_B,KA33A,SUR,-18.803116500199984,-18.61122919032612,0,0
1EMV_A_B,KB97A,COR,-18.389022644685376,-16.42949422496729,0,0
1EMV_A_B,RB54A,COR,-18.389022644685376,-16.723413857142518,0,2
1F5R_A_I,KA129Q,INT,-5.70902894528365,-6.879813583555595,1,0
1FC2_C_D,KC31A,RIM,-10.60067252768077,-9.074819891360002,0,0
1FCC_A_C,DC40A,RIM,-9.025981273325222,-8.753867403257631,0,0
1FCC_A_C,EC27A,COR,-9.025981273325222,-4.090454364736694,0,1
1FCC_A_C,EC42A,RIM,-9.025981273325222,-8.640733295930513,0,0
1FCC_A_C,KC28A,COR,-9.025981273325222,-7.770458909579922,0,2
1FCC_A_C,KC31A,COR,-9.025981273325222,-5.550175374108851,0,1
1FFW_A_B,DB44A,RIM,-9.23017991895208,-9.304295764653522,1,0
1FFW_A_B,DB49A,RIM,-9.23017991895208,-9.133943697825487,0,0
1FFW_A_B,EB13A,SUP,-9.23017991895208,-8.5137696501922,0,0
1FFW_A_B,EB20A,COR,-9.23017991895208,-8.591358549366856,0,0
1FFW_A_B,HB23A,RIM,-9.23017991895208,-9.196333340153258,0,0
1FY8_E_I,DE168N,INT,-6.879813583555595,-6.709461516727559,0,1
1GUA_A_B,EA37A,COR,-8.599707282701647,-7.299547081702983,0,2
1GUA_A_B,KB10A,RIM,-8.599707282701647,-8.999444478218063,1,0
1GUA_A_B,KB29A,RIM,-8.599707282701647,-6.601499092227293,0,0
1GUA_A_B,KB32A,RIM,-8.599707282701647,-7.800832434905533,0,0
1GUA_A_B,RB4A,RIM,-8.599707282701647,-7.5993671125873625,0,2
1H9D_A_B,RB2A,RIM,-9.176861085649907,-8.112707293200442,0,1
1HE8_A_B,KA80V,SUP,-7.890891844467196,-7.4237509238735795,0,0
1IAR_A_B,EA19A,SUR,-13.349177347217722,-13.668973187510355,1,0
1IAR_A_B,EA9Q,COR,-13.349177347217722,-10.237914110894913,0,0
1IAR_A_B,KA12S,COR,-13.349177347217722,-13.363981966316116,1,0
1IAR_A_B,KA77A,SUR,-13.349177347217722,-13.195506775606734,0,0
1IAR_A_B,KA84A,COR,-13.349177347217722,-13.004375246205218,0,1
1IAR_A_B,RA53Q,COR,-13.349177347217722,-12.513834212856283,0,1
1IAR_A_B,RA81A,RIM,-13.349177347217722,-12.869794681186622,0,2
1IAR_A_B,RA85A,COR,-13.349177347217722,-12.922503117363167,0,2
1IAR_A_B,RA88A,COR,-13.349177347217722,-9.596348459736141,0,2
1IAR_A_B,RA88Q,COR,-13.349177347217722,-10.52160139013595,0,2
1JCK_A_B,KB103A,INT,-7.4103122799817776,-7.007414719987558,0,0
1JRH_LH_I,DH56A,RIM,-10.799915881464253,-8.913920881468522,0,2
1JRH_LH_I,DH57A,SUR,-10.799915881464253,-9.133943697825487,0,1
1JRH_LH_I,DH58A,RIM,-10.799915881464253,-8.945370072702445,0,2
1JRH_LH_I,DL28A,COR,-10.799915881464253,-10.365293157505887,0,0
1JRH_LH_I,EI35Q,INT,-10.700235464971119,-10.60067252768077,0,1
1JRH_LH_I,EI45A,RIM,-10.691953456963988,-11.126747546549273,1,0
1JRH_LH_I,EI45P,RIM,-10.799915881464253,-14.587882850807746,1,0
1JRH_LH_I,EL27A,RIM,-10.799915881464253,-10.257330733005622,0,0
1JRH_LH_I,HH107A,COR,-10.799915881464253,-9.102239322825627,0,0
1JRH_LH_I,KI37A,SUP,-10.691953456963988,-7.1149971680055355,0,0
1JRH_LH_I,KI37M,SUP,-10.691953456963988,-7.39980701425517,0,0
1JRH_LH_I,KI42A,COR,-10.691953456963988,-7.708661717446338,0,2
1JRH_LH_I,KI42M,COR,-10.691953456963988,-5.780599452440359,0,2
1JRH_LH_I,KI88A,RIM,-10.691953456963988,-10.734572846881084,1,0
1JRH_LH_I,RH100A,SUP,-10.799915881464253,-10.257330733005622,0,0
1JRH_LH_I,RI74A,SUP,-10.691953456963988,-10.938251831290128,1,1
1JTD_A_B,EA78A,COR,-16.01352024476805,-15.178843689326095,0,0
1JTD_A_B,EA84A,COR,-16.01352024476805,-15.975559994681438,0,0
1JTD_A_B,KA85A,COR,-16.01352024476805,-13.884376323593004,0,2
1JTG_A_B,DB163A,RIM,-12.139227765644918,-13.47948785486357,1,0
1JTG_A_B,DB49A,COR,-12.350171292728415,-10.003197850374674,0,2
1JTG_A_B,EA143A,RIM,-11.34621360584385,-11.418759079423289,1,0
1JTG_A_B,EA79A,COR,-11.841833086780538,-9.86314159917945,0,2
1JTG_A_B,EA85A,COR,-12.199826088569509,-10.822528946964807,0,0
1JTG_A_B,EB31A,RIM,-12.681812914103551,-11.860913274316617,0,1
1JTG_A_B,EB73A,COR,-13.241299677131618,-12.806492313813786,0,0
1JTG_A_B,EB73M,COR,-11.621466564139284,-11.115405642499914,0,0
1JTG_A_B,HB148A,SUP,-12.70348110835809,-9.796224993198575,0,0
1JTG_A_B,HB41A,SUP,-12.648824528397062,-9.332708165879382,0,0
1JTG_A_B,KA208A,INT,-11.2399283817935,-10.018419662730576,0,2
1JTG_A_B,KA86A,COR,-13.053438571295167,-13.905767034806306,1,0
1JTG_A_B,KB74A,SUP,-12.575955349535354,-8.959697777348124,0,2
1JTG_A_B,RA217A,SUP,-11.2399283817935,-9.938016124324283,0,2
1JTG_A_B,RB144A,RIM,-13.241299677131618,-12.586400473687714,0,0
1JTG_A_B,RB160A,RIM,-12.5304019384815,-9.794211598893877,0,0
1K8R_A_B,DA33A,RIM,-9.25404415218755,-7.657927220461584,0,0
1K8R_A_B,DA38A,COR,-9.25404415218755,-7.473806865958608,0,0
1K8R_A_B,DA38N,COR,-9.25404415218755,-7.282446474380701,0,0
1K8R_A_B,DA57A,INT,-9.25404415218755,-8.02745869419047,0,0
1K8R_A_B,EA37A,RIM,-9.25404415218755,-8.936088528591156,0,0
1K8R_A_B,EA62A,SUR,-9.25404415218755,-8.828097112610939,0,0
1K8R_A_B,EA63A,SUR,-9.25404415218755,-8.828097112610939,0,0
1K8R_A_B,KB23A,SUR,-9.25404415218755,-8.643959497350263,0,0
1K8R_A_B,KB31A,COR,-9.25404415218755,-6.417263720267247,0,0
1K8R_A_B,RA41A,COR,-9.25404415218755,-8.02745869419047,0,0
1K8R_A_B,RB13A,COR,-9.25404415218755,-6.341740807069003,0,0
1K8R_A_B,RB76A,SUR,-9.25404415218755,-8.510341295760908,0,0
1K8R_A_B,RB77A,COR,-9.25404415218755,-7.760131023029155,0,2
1KNE_A_P,DA40F,RIM,-6.5032103424609495,-7.119911336621025,1,0
1KNE_A_P,DA40I,RIM,-6.5032103424609495,-6.042689533807573,0,0
1KNE_A_P,DA40T,RIM,-6.5032103424609495,-6.011516340676851,0,0
1KNE_A_P,KA24A,SUR,-6.5032103424609495,-7.770458909579922,1,0
1KTZ_A_B,DB8A,RIM,-8.409280279165147,-6.888429293414158,0,2
1KTZ_A_B,DB8N,RIM,-8.409280279165147,-6.4099423176228,0,2
1KTZ_A_B,DB94A,RIM,-8.409280279165147,-7.594948032976257,0,0
1KTZ_A_B,EB31A,RIM,-8.409280279165147,-7.193369598779385,0,0
1KTZ_A_B,EB51A,INT,-8.409280279165147,-7.329709588227396,0,1
1KTZ_A_B,EB95A,COR,-8.409280279165147,-6.915753814222052,0,2
1KTZ_A_B,EB95Q,COR,-8.409280279165147,-6.782919778885918,0,2
1KTZ_A_B,HB55A,INT,-8.409280279165147,-8.113800704255071,0,0
1LFD_A_B,DA38A,RIM,-8.169835225673053,-8.614987671674623,1,1
1LFD_A_B,DA43A,RIM,-7.943321798077324,-8.283716697761427,1,0
1LFD_A_B,DB33A,RIM,-8.399777970058144,-7.299547081702983,0,2
1LFD_A_B,DB38A,COR,-8.392919336479418,-4.497284506398239,0,0
1LFD_A_B,EA44A,SUR,-8.169835225673053,-8.306993629298177,1,0
1LFD_A_B,EB37A,COR,-8.392919336479418,-7.1964262328384905,0,0
1LFD_A_B,EB62A,SUR,-8.392919336479418,-8.194442432152005,0,1
1LFD_A_B,EB63A,SUR,-8.392919336479418,-8.09580814359393,0,0
1LFD_A_B,HA40A,INT,-8.396348653268781,-6.898402890306514,0,0
1LFD_A_B,KA19A,COR,-8.169835225673053,-6.215537103398036,0,0
1LFD_A_B,KA35A,SUR,-8.169835225673053,-7.806277814728157,0,1
1LFD_A_B,KA39A,COR,-8.169835225673053,-6.026153741020786,0,2
1LFD_A_B,RA7A,RIM,-8.169835225673053,-6.337147329227425,0,0
1LFD_A_B,RB41A,RIM,-8.396348653268781,-7.547934449556479,0,1
1LP9_ABC_EF,KA66A,SUP,-8.180908729473389,-7.028630407337808,0,1
1MAH_A_F,DA71N,SUP,-17.199866038348095,-15.320397335108275,0,0
1MI5_ABC_DE,DD29A,INT,-6.685288612662659,-5.453939152982259,0,0
1MI5_ABC_DE,EE50A,RIM,-6.685288612662659,-5.866762338456497,0,2
1MI5_ABC_DE,EE99A,SUR,-6.685288612662659,-6.5655999847887205,0,0
1MI5_ABC_DE,HD32A,SUP,-6.685288612662659,-5.453939152982259,0,0
1MI5_ABC_DE,HD47A,COR,-6.685288612662659,-5.568571120938632,0,0
1MI5_ABC_DE,KD98A,INT,-6.685288612662659,-5.453939152982259,0,2
1N8Z_AB_C,DB102W,RIM,-13.41220136867851,-14.125191179960767,1,0
1N8Z_AB_C,HA91F,SUP,-13.41220136867851,-13.377970393493198,0,0
1N8Z_AB_C,RB50A,SUP,-12.894595009977772,-9.919284547316,0,2
1N8Z_AB_C,RB59A,COR,-12.894595009977772,-11.090896398346475,0,0
1NMB_N_LH,DH57N,COR,-10.010689776130327,-7.057225691327983,0,0
1OGA_ABC_DE,DA61A,SUR,-7.193369598779385,-7.075253078058404,0,1
1OGA_ABC_DE,DE28A,COR,-7.204649062094378,-5.632239713914106,0,0
1OGA_ABC_DE,DE28S,COR,-7.204649062094378,-5.043489333088793,0,0
1OGA_ABC_DE,DE52A,COR,-7.202380262028176,-7.086027065238252,0,0
1OGA_ABC_DE,EA154A,RIM,-7.193369598779385,-6.581287098714675,0,1
1OGA_ABC_DE,EA58A,SUR,-7.193369598779385,-7.08077007995069,0,0
1OGA_ABC_DE,EA63A,INT,-7.193369598779385,-7.21152133171971,1,1
1OGA_ABC_DE,HA151A,COR,-7.193369598779385,-7.193369598779385,0,1
1OGA_ABC_DE,HA70A,INT,-7.193369598779385,-6.67588914674109,0,0
1OGA_ABC_DE,HA74A,INT,-7.193369598779385,-6.589289300488894,0,0
1OGA_ABC_DE,KA146A,RIM,-7.193369598779385,-5.263216146480486,0,0
1OGA_ABC_DE,KA66A,SUP,-7.193369598779385,-7.217309783674579,1,1
1OGA_ABC_DE,KA68A,RIM,-7.193369598779385,-6.945134686918239,0,0
1OGA_ABC_DE,RA65A,RIM,-7.193369598779385,-7.558660585429967,1,0
1OGA_ABC_DE,RA75A,RIM,-7.193369598779385,-6.482671153341644,0,1
1OGA_ABC_DE,RE94A,COR,-7.204649062094378,-5.043489333088793,0,0
1PPF_E_I,EI19A,RIM,-13.162825502535487,-11.976285111072505,0,0
1PPF_E_I,EI19C,RIM,-13.162825502535487,-11.779716164722359,0,0
1PPF_E_I,EI19F,RIM,-13.162825502535487,-11.817642523528116,0,0
1PPF_E_I,EI19G,RIM,-13.162825502535487,-11.071693527594501,0,0
1PPF_E_I,EI19I,RIM,-13.162825502535487,-12.44956786235005,0,0
1PPF_E_I,EI19L,RIM,-13.162825502535487,-12.106646811066325,0,0
1PPF_E_I,EI19M,RIM,-13.162825502535487,-12.030099373625559,0,0
1PPF_E_I,EI19N,RIM,-13.162825502535487,-11.967011812478741,0,0
1PPF_E_I,EI19P,RIM,-13.162825502535487,-9.997128544201393,0,0
1PPF_E_I,EI19Q,RIM,-13.162825502535487,-12.511587237404175,0,0
1PPF_E_I,EI19S,RIM,-13.162825502535487,-11.342311523208762,0,0
1PPF_E_I,EI19T,RIM,-13.162825502535487,-11.6787934266281,0,0
1PPF_E_I,EI19V,RIM,-13.162825502535487,-12.019939021097235,0,0
1PPF_E_I,EI19W,RIM,-13.162825502535487,-11.654046903971935,0,0
1PPF_E_I,EI19Y,RIM,-13.162825502535487,-11.931324044096955,0,0
1PPF_E_I,KI13A,RIM,-13.162825502535487,-12.416876506601872,0,0
1PPF_E_I,KI13C,RIM,-13.162825502535487,-12.213393804473068,0,0
1PPF_E_I,KI13F,RIM,-13.162825502535487,-12.213393804473068,0,0
1PPF_E_I,KI13G,RIM,-13.162825502535487,-11.931324044096955,0,0
1PPF_E_I,KI13I,RIM,-13.162825502535487,-12.540324450817037,0,0
1PPF_E_I,KI13L,RIM,-13.162825502535487,-12.766859224166275,0,0
1PPF_E_I,KI13M,RIM,-13.162825502535487,-12.957668857871917,0,0
1PPF_E_I,KI13N,RIM,-13.162825502535487,-12.511587237404175,0,0
1PPF_E_I,KI13P,RIM,-13.162825502535487,-11.914265736018377,0,0
1PPF_E_I,KI13Q,RIM,-13.162825502535487,-12.916527663742025,0,0
1PPF_E_I,KI13S,RIM,-13.162825502535487,-12.708389912721206,0,0
1PPF_E_I,KI13T,RIM,-13.162825502535487,-12.999229882979304,0,0
1PPF_E_I,KI13V,RIM,-13.162825502535487,-12.303449486383355,0,0
1PPF_E_I,KI13W,RIM,-13.162825502535487,-12.343229745728898,0,0
1PPF_E_I,KI13Y,RIM,-13.162825502535487,-12.664277981861622,0,0
1PPF_E_I,RI21A,RIM,-13.162825502535487,-12.957668857871917,0,0
1PPF_E_I,RI21C,RIM,-13.162825502535487,-13.242874396449244,1,0
1PPF_E_I,RI21F,RIM,-13.162825502535487,-14.1304149608701,1,0
1PPF_E_I,RI21G,RIM,-13.162825502535487,-12.592944909339256,0,0
1PPF_E_I,RI21I,RIM,-13.162825502535487,-13.962816303261588,1,0
1PPF_E_I,RI21L,RIM,-13.162825502535487,-14.009460960868992,1,0
1PPF_E_I,RI21M,RIM,-13.162825502535487,-13.911867038305049,1,0
1PPF_E_I,RI21N,RIM,-13.162825502535487,-12.837933970111392,0,0
1PPF_E_I,RI21P,RIM,-13.162825502535487,-6.550592128067478,0,0
1PPF_E_I,RI21Q,RIM,-13.162825502535487,-13.180913806416791,1,0
1PPF_E_I,RI21S,RIM,-13.162825502535487,-12.749046699680441,0,0
1PPF_E_I,RI21T,RIM,-13.162825502535487,-13.180913806416791,1,0
1PPF_E_I,RI21V,RIM,-13.162825502535487,-13.507568949079666,1,0
1PPF_E_I,RI21W,RIM,-13.162825502535487,-13.688412724736269,1,0
1PPF_E_I,RI21Y,RIM,-13.162825502535487,-12.945264877154885,0,0
1QSE_ABC_DE,RC7V,COR,-7.01194891212076,-8.236755167991296,1,0
1R0R_E_I,EI14A,COR,-14.16699991194709,-12.106646811066325,0,1
1R0R_E_I,EI14C,COR,-14.16699991194709,-11.828428163009992,0,1
1R0R_E_I,EI14F,COR,-14.16699991194709,-10.599269832088842,0,1
1R0R_E_I,EI14G,COR,-14.16699991194709,-11.492750991104025,0,1
1R0R_E_I,EI14I,COR,-14.16699991194709,-13.440260985403023,0,1
1R0R_E_I,EI14L,COR,-14.16699991194709,-13.60527973612588,0,1
1R0R_E_I,EI14M,COR,-14.16699991194709,-12.617633324254218,0,1
1R0R_E_I,EI14N,COR,-14.16699991194709,-12.078143326620348,0,1
1R0R_E_I,EI14P,COR,-14.16699991194709,-10.454914515870563,0,1
1R0R_E_I,EI14Q,COR,-14.16699991194709,-12.902672337385635,0,1
1R0R_E_I,EI14S,COR,-14.16699991194709,-11.036042558402986,0,1
1R0R_E_I,EI14T,COR,-14.16699991194709,-9.973912023846884,0,1
1R0R_E_I,EI14V,COR,-14.16699991194709,-14.073547676603349,0,1
1R0R_E_I,EI14W,COR,-14.16699991194709,-12.343229745728898,0,1
1R0R_E_I,EI14Y,COR,-14.16699991194709,-12.303449486383355,0,1
1R0R_E_I,KI8A,COR,-14.16699991194709,-14.768509284635087,1,0
1R0R_E_I,KI8C,COR,-14.16699991194709,-14.774099810980687,1,0
1R0R_E_I,KI8F,COR,-14.16699991194709,-14.95046271513325,1,0
1R0R_E_I,KI8G,COR,-14.16699991194709,-14.993815444398097,1,0
1R0R_E_I,KI8I,COR,-14.16699991194709,-13.0586918973734,0,0
1R0R_E_I,KI8L,COR,-14.16699991194709,-14.490463452892671,1,0
1R0R_E_I,KI8M,COR,-14.16699991194709,-14.720465331640296,1,0
1R0R_E_I,KI8N,COR,-14.16699991194709,-14.552399869736126,1,0
1R0R_E_I,KI8P,COR,-14.16699991194709,-12.837933970111392,0,0
1R0R_E_I,KI8Q,COR,-14.16699991194709,-14.690499504641206,1,0
1R0R_E_I,KI8S,COR,-14.16699991194709,-14.470082122737097,1,0
1R0R_E_I,KI8T,COR,-14.16699991194709,-13.28963579010358,0,0
1R0R_E_I,KI8V,COR,-14.16699991194709,-13.762059485609239,0,0
1R0R_E_I,KI8W,COR,-14.16699991194709,-15.25705001731242,1,0
1R0R_E_I,KI8Y,COR,-14.16699991194709,-14.852751928087034,1,0
1R0R_E_I,RI16A,RIM,-14.16699991194709,-14.261710642749394,1,1
1R0R_E_I,RI16C,RIM,-14.16699991194709,-14.053572891728576,0,1
1R0R_E_I,RI16F,RIM,-14.16699991194709,-13.726408516417724,0,1
1R0R_E_I,RI16G,RIM,-14.16699991194709,-12.106646811066325,0,1
1R0R_E_I,RI16I,RIM,-14.16699991194709,-13.962816303261588,0,1
1R0R_E_I,RI16L,RIM,-14.16699991194709,-13.938127888346623,0,1
1R0R_E_I,RI16M,RIM,-14.16699991194709,-13.726408516417724,0,1
1R0R_E_I,RI16N,RIM,-14.16699991194709,-14.216749575773845,1,1
1R0R_E_I,RI16P,RIM,-14.16699991194709,-6.879364841089033,0,1
1R0R_E_I,RI16Q,RIM,-14.16699991194709,-13.987131916405366,0,1
1R0R_E_I,RI16S,RIM,-14.16699991194709,-14.183116949118762,1,1
1R0R_E_I,RI16T,RIM,-14.16699991194709,-13.827155017938493,0,1
1R0R_E_I,RI16V,RIM,-14.16699991194709,-14.053572891728576,0,1
1R0R_E_I,RI16W,RIM,-14.16699991194709,-13.234760300110784,0,1
1R0R_E_I,RI16Y,RIM,-14.16699991194709,-13.355135337348612,0,1
1S1Q_A_B,DA44A,RIM,-4.286225608429611,-3.3373820966924614,0,0
1SGD_E_I,DI13L,COR,-8.867123400363528,-14.45687917561649,1,0
1SGE_E_I,EI13L,COR,-8.557395972317146,-14.45687917561649,1,0
1SMF_E_I,EI8A,RIM,-8.945640334049793,-7.926546595157356,0,0
1SMF_E_I,KI3A,COR,-8.945640334049793,-3.221284267160101,0,0
1TM1_E_I,EI41A,COR,-15.711269885987882,-12.65858821507664,0,1
1TM1_E_I,EI41S,COR,-15.711269885987882,-12.964883687386042,0,1
1TM1_E_I,RI43A,RIM,-15.711269885987882,-14.455747522242582,0,1
1TM1_E_I,RI46A,INT,-15.831318762520596,-12.415103370457231,0,1
1TM1_E_I,RI48A,SUP,-15.831318762520596,-12.822052223403489,0,0
1TM1_E_I,RI48C,SUP,-15.951367639053311,-12.717194113414166,0,0
1U7F_B_AC,DB140A,COR,-10.264282931021452,-7.484198848865325,0,1
1U7F_B_AC,RB65A,RIM,-10.264282931021452,-8.457255917264275,0,0
1UUZ_A_D,HA62A,RIM,-12.271363094210082,-10.497428486071051,0,2
1UUZ_A_D,HA62N,RIM,-12.271363094210082,-10.752518278372442,0,2
1UUZ_A_D,HA62Q,RIM,-12.271363094210082,-10.752518278372442,0,2
1VFB_AB_C,DB100A,COR,-10.497428486071051,-7.427354023857601,0,0
1VFB_AB_C,DB54A,RIM,-10.497428486071051,-9.858844025438655,0,0
1VFB_AB_C,DB58A,RIM,-10.497428486071051,-10.704420315743405,1,0
1VFB_AB_C,DB58N,RIM,-12.035226251696933,-12.163400669709818,1,0
1VFB_AB_C,EB98A,INT,-10.497428486071051,-9.340935527497841,0,2
1VFB_AB_C,HA30A,RIM,-10.497428486071051,-9.652592851172047,0,0
1VFB_AB_C,RB99A,RIM,-10.497428486071051,-10.597158250780366,1,0
1VFB_AB_C,RB99W,RIM,-12.035226251696933,-11.330291238184486,0,0
1VFB_AB_C,RB99Y,RIM,-12.035226251696933,-10.799915881464253,0,0
1WQJ_I_B,RI20A,RIM,-11.232486076782868,-10.553274924588958,0,1
1WQJ_I_B,RI49A,SUR,-11.232486076782868,-10.964375820875333,0,0
1WQJ_I_B,RI54A,SUR,-11.232486076782868,-11.173074927192356,0,1
1WQJ_I_B,RI55A,INT,-11.232486076782868,-10.830289406789863,0,0
1XD3_A_B,DB39A,RIM,-9.102761789100057,-9.522853047715854,1,0
1XD3_A_B,DB52A,SUR,-9.102761789100057,-9.348499422271052,1,1
1XD3_A_B,DB58A,SUR,-9.102761789100057,-9.348499422271052,1,0
1XD3_A_B,EB24A,SUR,-9.102761789100057,-9.348499422271052,1,0
1XD3_A_B,EB51A,SUR,-9.102761789100057,-7.532895209242849,0,0
1XD3_A_B,HB68N,COR,-9.102761789100057,-9.102761789100057,0,0
1XD3_A_B,KB27A,SUP,-9.102761789100057,-9.166616959938883,1,1
1XD3_A_B,KB6A,RIM,-9.102761789100057,-7.727795330312087,0,0
1XD3_A_B,RB42L,SUP,-9.102761789100057,-9.984758372710825,1,0
1XD3_A_B,RB54L,SUR,-9.102761789100057,-8.214068302261074,0,0
1XD3_A_B,RB72L,COR,-9.102761789100057,-7.771104005526477,0,2
1XD3_A_B,RB74L,COR,-9.102761789100057,-6.670401083831192,0,0
1Z7X_W_X,DW435A,COR,-18.418822840368303,-14.758234917635782,0,0
1Z7X_W_X,EW206A,SUP,-18.22506243242173,-17.206890002798612,0,0
1Z7X_W_X,EW287A,RIM,-18.22506243242173,-16.90440260740541,0,2
1Z7X_W_X,EW344A,SUP,-18.22506243242173,-16.664304854339978,0,0
1Z7X_W_X,EW401A,RIM,-18.22506243242173,-16.91939464664137,0,2
1Z7X_W_X,KW320A,COR,-18.22506243242173,-16.90440260740541,0,0
1Z7X_W_X,RW457A,RIM,-18.22506243242173,-17.377242069626647,0,0
2A9K_A_B,EB65A,RIM,-10.243399607599892,-7.091951079800757,0,1
2AK4_ABC_DE,EA154A,RIM,-6.446772045903072,-6.2119756166939215,0,0
2AK4_ABC_DE,EA161A,RIM,-6.446772045903072,-5.981902474108015,0,1
2AK4_ABC_DE,EE97A,RIM,-6.446772045903072,-6.3981577710873765,0,0
2AK4_ABC_DE,RA151A,RIM,-6.446772045903072,-5.080129095933112,0,0
2AK4_ABC_DE,RA157A,RIM,-6.446772045903072,-5.043489333088793,0,1
2B42_A_B,HA357A,COR,-12.10816488017771,-10.487017075917132,0,2
2B42_A_B,HA357Q,COR,-12.10816488017771,-11.043418583225009,0,2
2BNR_ABC_DE,DA61A,SUR,-7.492144418251621,-7.581885284456879,1,1
2BNR_ABC_DE,EA154A,RIM,-7.492144418251621,-7.473922859956613,0,0
2BNR_ABC_DE,EA58A,RIM,-7.492144418251621,-7.492144418251621,0,0
2BNR_ABC_DE,EA63A,INT,-7.492144418251621,-7.157601949642983,0,1
2BNR_ABC_DE,HA151A,RIM,-7.492144418251621,-6.959260811249413,0,0
2BNR_ABC_DE,HA70A,INT,-7.492144418251621,-5.797280947657408,0,0
2BNR_ABC_DE,HA74A,INT,-7.492144418251621,-6.517309911415394,0,0
2BNR_ABC_DE,KA146A,RIM,-7.492144418251621,-6.8680873801819216,0,0
2BNR_ABC_DE,KA66A,SUP,-7.492144418251621,-5.8036596871085715,0,1
2BNR_ABC_DE,KA68A,COR,-7.492144418251621,-7.486618836138657,0,0
2BNR_ABC_DE,RA65A,COR,-7.492144418251621,-5.686680862138067,0,0
2BNR_ABC_DE,RA75A,RIM,-7.492144418251621,-6.961522382119489,0,0
2DSQ_I_G,RI20A,SUR,-12.793577302994978,-12.732476353057647,0,0
2DSQ_I_G,RI35A,SUR,-12.793577302994978,-12.183475606418284,0,0
2DSQ_I_G,RI40A,SUR,-12.793577302994978,-12.881293176839861,1,0
2DSQ_I_G,RI41A,INT,-12.793577302994978,-12.704753447443318,0,1
2DVW_A_B,EA180A,COR,-9.778892361456952,-9.340935527497841,0,1
2DVW_A_B,KA114A,COR,-9.778892361456952,-9.74470370899994,0,0
2DVW_A_B,RA39A,SUP,-9.778892361456952,-8.868726351573146,0,1
2DVW_A_B,RB7A,COR,-9.778892361456952,-9.085635788759333,0,2
2FTL_E_I,KI15A,COR,-17.905660943774105,-7.616464279923151,0,0
2FTL_E_I,KI15F,COR,-17.85814450570152,-10.905177528953676,0,0
2FTL_E_I,KI15G,COR,-17.85814450570152,-5.636421363789643,0,0
2FTL_E_I,KI15I,COR,-17.85814450570152,-6.804720904566773,0,0
2FTL_E_I,KI15L,COR,-17.85814450570152,-9.087691726196947,0,0
2FTL_E_I,KI15M,COR,-17.85814450570152,-10.24704211535515,0,0
2FTL_E_I,KI15N,COR,-17.85814450570152,-9.909911019994787,0,0
2FTL_E_I,KI15Q,COR,-17.85814450570152,-8.586502761338632,0,0
2FTL_E_I,KI15S,COR,-17.85814450570152,-10.21583057289715,0,0
2FTL_E_I,KI15T,COR,-17.85814450570152,-7.372624729803122,0,0
2FTL_E_I,KI15V,COR,-17.85814450570152,-6.225909472277494,0,0
2FTL_E_I,KI15W,COR,-17.85814450570152,-9.285563338976306,0,0
2FTL_E_I,KI15Y,COR,-17.85814450570152,-11.073580118125443,0,0
2FTL_E_I,KI46A,SUR,-17.95317738184669,-13.903902087895936,0,0
2FTL_E_I,RI17A,COR,-17.95317738184669,-13.903902087895936,0,0
2FTL_E_I,RI20A,SUP,-17.95317738184669,-13.903902087895936,0,0
2FTL_E_I,RI39A,RIM,-17.95317738184669,-13.903902087895936,0,0
2G2U_A_B,DA79A,COR,-7.859133278591948,-9.406985178151219,1,0
2G2U_A_B,EB31A,RIM,-8.108537079199994,-7.4579895062410975,0,2
2G2U_A_B,EB73A,COR,-8.108537079199994,-10.086978666177586,1,0
2G2U_A_B,EB73M,COR,-7.859133278591948,-10.332742800516725,1,0
2G2U_A_B,HB148A,SUP,-8.108537079199994,-6.990149373636632,0,0
2G2U_A_B,HB41A,SUP,-8.108537079199994,-6.392352294001482,0,0
2G2U_A_B,KB74A,SUP,-8.108537079199994,-8.325762950837396,1,0
2G2U_A_B,RB144A,RIM,-8.108537079199994,-8.450757015782036,1,0
2G2U_A_B,RB160A,RIM,-8.108537079199994,-7.439080227231274,0,0
2GOX_A_B,RB31A,COR,-11.966516507371608,-10.084289215958696,0,2
2HLE_A_B,KA141Q,COR,-10.086978666177586,-10.497428486071051,1,2
2HRK_A_B,KA140A,RIM,-9.920339175270515,-8.967304206918415,0,0
2J1K_C_T,RC155A,SUR,-12.214924797652206,-12.163400669709818,0,0
2J1K_C_T,RC24A,COR,-12.214924797652206,-11.450463454423149,0,1
2NU1_E_I,HI13L,COR,-12.766859224166275,-14.45687917561649,1,0
2NU2_E_I,RI13L,COR,-11.136789059923753,-14.45687917561649,1,0
2NU4_E_I,KI13L,COR,-11.319095002854251,-14.45687917561649,1,0
2NYY_DC_A,DA1030A,RIM,-13.412090321985179,-13.402753939727512,0,0
2NYY_DC_A,DA1034A,SUP,-13.412090321985179,-10.882437177673102,0,0
2NYY_DC_A,DC30Y,RIM,-13.285566168304479,-12.64446618441523,0,0
2NYY_DC_A,EA892A,COR,-13.412090321985179,-10.573115881698536,0,0
2NYY_DC_A,ED5Q,INT,-13.412090321985179,-13.660063656280634,1,0
2NYY_DC_A,HA1036A,COR,-13.412090321985179,-6.093067881605956,0,2
2NYY_DC_A,KA1028A,SUP,-13.412090321985179,-13.441023026645746,1,0
2NYY_DC_A,KA875A,RIM,-13.412090321985179,-13.121120018885485,0,0
2NYY_DC_A,KA895A,SUR,-13.412090321985179,-13.552228371706068,1,0
2NYY_DC_A,RA1033A,RIM,-13.412090321985179,-12.592013359862579,0,0
2NYY_DC_A,RA1266A,RIM,-13.412090321985179,-13.112574884585367,0,0
2NZ9_DC_A,DA1030A,RIM,-13.362482567876395,-13.393563444425961,1,0
2NZ9_DC_A,DA1034A,SUP,-13.362482567876395,-11.0230093155692,0,0
2NZ9_DC_A,EA892A,COR,-13.362482567876395,-10.592276524904568,0,0
2NZ9_DC_A,HA1036A,COR,-13.362482567876395,-5.943191814693922,0,2
2NZ9_DC_A,KA1028A,SUP,-13.362482567876395,-13.3711965010677,1,0
2NZ9_DC_A,KA875A,RIM,-13.362482567876395,-12.821811529144755,0,0
2NZ9_DC_A,KA895A,SUR,-13.362482567876395,-13.662219479337868,1,0
2NZ9_DC_A,RA1033A,RIM,-13.362482567876395,-13.07161775840667,0,0
2NZ9_DC_A,RA1266A,RIM,-13.362482567876395,-12.972346352634883,0,0
2O3B_A_B,DB75N,RIM,-15.67305314772501,-9.772765067410711,0,2
2O3B_A_B,EB24A,COR,-15.67305314772501,-10.200892436447743,0,2
2O3B_A_B,EB24Q,COR,-15.67305314772501,-10.277405669714087,0,2
2PCB_A_B,DA34N,COR,-6.817423941227824,-5.996524301440891,0,0
2PCB_A_B,EA290N,RIM,-6.817423941227824,-5.946853551911962,0,2
2PCB_A_B,EA291Q,SUR,-6.817423941227824,-6.873921456138638,1,0
2PCB_A_B,EA32Q,RIM,-6.817423941227824,-6.2119756166939215,0,0
2PCB_A_B,EA35Q,RIM,-6.817423941227824,-6.141756775082016,0,0
2PCC_A_B,DA34A,COR,-8.098148147471882,-8.994744819266101,1,0
2PCC_A_B,EA290A,RIM,-8.098148147471882,-1.8987138927945726,0,2
2PCC_A_B,KB77A,RIM,-8.098148147471882,-7.794631813644822,0,0
2PCC_A_B,KB92A,RIM,-8.098148147471882,-7.196730935636909,0,0
2WPT_A_B,DA30A,SUP,-9.483101391802382,-10.258914036029259,1,0
2WPT_A_B,DA30L,SUP,-10.667780552899087,-14.069470606414015,1,0
2WPT_A_B,DA48A,COR,-10.667780552899087,-5.453939152982259,0,0
2WPT_A_B,EA27A,RIM,-10.667780552899087,-8.934700344042005,0,2
2WPT_A_B,EA38A,COR,-10.667780552899087,-6.166876368268928,0,2
2WPT_A_B,KB90A,COR,-10.028407021512983,-9.37941561531669,0,2
2WPT_A_B,RA35A,RIM,-10.667780552899087,-11.77815269231511,1,0
2WPT_A_B,RA35T,RIM,-10.667780552899087,-11.70555324672454,1,0
2WPT_A_B,RA39A,SUR,-10.667780552899087,-10.90787830596452,1,0
2WPT_A_B,RB47A,COR,-10.028407021512983,-9.156674431674901,0,2
3AAA_AB_C,DC43A,COR,-10.292890601815008,-5.256279132366524,0,2
3AAA_AB_C,EC77A,RIM,-10.292890601815008,-8.360795372622453,0,2
3AAA_AB_C,KA248A,COR,-10.292890601815008,-7.847744815695109,0,2
3AAA_AB_C,RA252A,SUP,-10.292890601815008,-7.297861840537477,0,2
3AAA_AB_C,RA258A,RIM,-10.292890601815008,-8.08589715657484,0,2
3BT1_A_U,DU100A,SUR,-12.51757712944796,-10.854778506433549,0,0
3BT1_A_U,DU11A,RIM,-12.51757712944796,-12.543457765806965,1,1
3BT1_A_U,DU122A,INT,-12.51757712944796,-11.74298560749123,0,1
3BT1_A_U,DU138A,COR,-12.51757712944796,-11.243965089722987,0,0
3BT1_A_U,DU139A,SUP,-12.51757712944796,-11.487178231304142,0,0
3BT1_A_U,DU161A,INT,-12.51757712944796,-12.613689606033791,1,0
3BT1_A_U,DU212A,SUR,-12.51757712944796,-12.58457261642081,1,0
3BT1_A_U,DU22A,SUR,-12.51757712944796,-12.290007552561205,0,0
3BT1_A_U,DU252A,COR,-12.51757712944796,-12.45750136323441,0,1
3BT1_A_U,DU260A,SUR,-12.51757712944796,-12.41353947295598,0,0
3BT1_A_U,DU273A,SUR,-12.51757712944796,-12.46903081822933,0,0
3BT1_A_U,DU74A,SUR,-12.51757712944796,-12.217639128464167,0,0
3BT1_A_U,EU104A,SUR,-12.51757712944796,-11.716814080068845,0,0
3BT1_A_U,EU117A,SUR,-12.51757712944796,-12.806611844537445,1,0
3BT1_A_U,EU118A,INT,-12.51757712944796,-12.51757712944796,0,0
3BT1_A_U,EU130A,SUR,-12.51757712944796,-12.48079320719465,0,0
3BT1_A_U,EU132A,RIM,-12.51757712944796,-12.676693551686462,1,0
3BT1_A_U,EU133A,RIM,-12.51757712944796,-12.660291947328759,1,0
3BT1_A_U,EU15A,INT,-12.51757712944796,-12.403048766588501,0,0
3BT1_A_U,EU16A,SUR,-12.51757712944796,-12.435105584785777,0,0
3BT1_A_U,EU176A,SUR,-12.51757712944796,-12.492798136655557,0,0
3BT1_A_U,EU181A,SUR,-12.51757712944796,-12.065467740280384,0,1
3BT1_A_U,EU183A,SUR,-12.51757712944796,-12.13331587829834,0,0
3BT1_A_U,EU206A,SUR,-12.51757712944796,-12.628813013497776,1,0
3BT1_A_U,EU207A,SUR,-12.51757712944796,-12.766442921753518,1,0
3BT1_A_U,EU228A,RIM,-12.51757712944796,-12.343789003944044,0,0
3BT1_A_U,EU33A,RIM,-12.51757712944796,-12.146548685440173,0,0
3BT1_A_U,EU34A,SUR,-12.51757712944796,-12.181009538471862,0,0
3BT1_A_U,EU36A,RIM,-12.51757712944796,-12.424222680053017,0,2
3BT1_A_U,EU37A,SUR,-12.51757712944796,-12.46903081822933,0,1
3BT1_A_U,EU39A,RIM,-12.51757712944796,-12.362879843804572,0,0
3BT1_A_U,EU42A,RIM,-12.51757712944796,-12.710951576480166,1,1
3BT1_A_U,EU49A,SUR,-12.51757712944796,-12.543457765806965,1,0
3BT1_A_U,EU68A,SUP,-12.51757712944796,-12.46903081822933,0,0
3BT1_A_U,EU92A,SUR,-12.51757712944796,-12.316277502509603,0,1
3BT1_A_U,HU108A,SUR,-12.51757712944796,-12.107719736668303,0,0
3BT1_A_U,HU126A,INT,-12.51757712944796,-12.13331587829834,0,0
3BT1_A_U,HU141A,INT,-12.422393331087974,-11.778328039464634,0,1
3BT1_A_U,HU158A,INT,-12.51757712944796,-12.316277502509603,0,0
3BT1_A_U,HU164A,SUP,-12.51757712944796,-11.506916340215485,0,0
3BT1_A_U,HU201A,SUR,-12.51757712944796,-12.5050558199521,0,0
3BT1_A_U,HU227A,INT,-12.51757712944796,-12.256728869379815,0,0
3BT1_A_U,HU247A,SUR,-12.51757712944796,-12.46903081822933,0,0
3BT1_A_U,HU249A,SUP,-12.51757712944796,-12.240776681062366,0,0
3BT1_A_U,HU258A,SUR,-12.51757712944796,-12.46903081822933,0,0
3BT1_A_U,HU271A,INT,-12.51757712944796,-12.37266525820059,0,0
3BT1_A_U,HU47A,INT,-12.51757712944796,-12.13331587829834,0,0
3BT1_A_U,KU137A,RIM,-12.422393331087974,-11.78076169599094,0,0
3BT1_A_U,KU167A,SUR,-12.51757712944796,-12.240776681062366,0,0
3BT1_A_U,KU173A,SUR,-12.51757712944796,-11.837213603113423,0,1
3BT1_A_U,KU196A,SUR,-12.51757712944796,-12.273130473737515,0,0
3BT1_A_U,KU230A,SUR,-12.51757712944796,-12.256728869379815,0,0
3BT1_A_U,KU266A,SUR,-12.51757712944796,-12.424222680053017,0,0
3BT1_A_U,KU43A,INT,-12.51757712944796,-12.29863316886206,0,0
3BT1_A_U,KU50A,SUP,-12.51757712944796,-11.88644447461226,0,1
3BT1_A_U,KU62A,RIM,-12.51757712944796,-12.107719736668303,0,0
3BT1_A_U,KU7A,SUR,-12.51757712944796,-12.248698142730431,0,1
3BT1_A_U,RU105A,SUR,-12.51757712944796,-12.120377158017789,0,0
3BT1_A_U,RU107A,SUR,-12.51757712944796,-12.256728869379815,0,0
3BT1_A_U,RU114A,SUR,-12.51757712944796,-12.307388498531223,0,0
3BT1_A_U,RU135A,INT,-12.422393331087974,-12.443917681311374,1,0
3BT1_A_U,RU13A,SUR,-12.51757712944796,-12.248698142730431,0,0
3BT1_A_U,RU140A,SUR,-12.422393331087974,-11.845324189863359,0,0
3BT1_A_U,RU143A,INT,-12.422393331087974,-11.7607428976678,0,1
3BT1_A_U,RU190A,SUR,-12.51757712944796,-12.202709632226368,0,0
3BT1_A_U,RU214A,INT,-12.51757712944796,-12.543457765806965,1,0
3BT1_A_U,RU237A,INT,-12.51757712944796,-12.325304325982353,0,0
3BT1_A_U,RU25A,SUP,-12.51757712944796,-11.518178170084463,0,1
3BT1_A_U,RU2A,SUR,-12.51757712944796,-12.424222680053017,0,0
3BT1_A_U,RU30A,SUR,-12.51757712944796,-12.065467740280384,0,1
3BT1_A_U,RU53A,SUP,-12.51757712944796,-11.644694982269774,0,0
3BT1_A_U,RU58A,INT,-12.51757712944796,-12.58457261642081,1,0
3BT1_A_U,RU87A,SUR,-12.51757712944796,-12.281507862172218,0,0
3BT1_A_U,RU89A,SUR,-12.51757712944796,-12.240776681062366,0,0
3D3V_ABC_DE,EE30A,RIM,-8.018622609214766,-5.347276972154208,0,0
3EG5_A_B,HA104F,COR,-7.913726867335939,-9.963124705615673,1,0
3F1S_A_B,DA200A,COR,-11.230792900998694,-10.676595403026607,0,2
3F1S_A_B,DA255A,COR,-11.832021987361172,-8.072946304973122,0,2
3F1S_A_B,DA36A,RIM,-11.832021987361172,-9.647637559328672,0,2
3F1S_A_B,KA201A,COR,-11.230792900998694,-13.309574095976199,1,2
3F1S_A_B,KA201C,COR,-11.230792900998694,-12.924886340053927,1,2
3G6D_LH_A,HH104A,COR,-14.637257597371406,-15.590292565723503,1,0
3HFM_HL_Y,DY101A,COR,-13.710247384237627,-12.478581856211234,0,0
3HFM_HL_Y,DY101F,COR,-13.642343902073627,-11.314211795962509,0,0
3HFM_HL_Y,DY101G,COR,-13.642343902073627,-13.28351610298502,0,0
3HFM_HL_Y,DY101N,COR,-13.642343902073627,-12.151314217677367,0,0
3HFM_HL_Y,DY101Q,COR,-13.642343902073627,-11.557285221912887,0,0
3HFM_HL_Y,DY101S,COR,-13.642343902073627,-11.77304779068371,0,0
3HFM_HL_Y,HY15A,SUP,-13.846054348565632,-14.291346801184439,1,0
3HFM_HL_Y,KY96A,SUP,-13.846054348565632,-7.360009089686455,0,0
3HFM_HL_Y,KY96M,SUP,-13.805199949283685,-7.028630407337808,0,0
3HFM_HL_Y,KY97A,COR,-13.805199949283685,-8.24991468554626,0,0
3HFM_HL_Y,KY97G,COR,-13.805199949283685,-7.375001128922414,0,0
3HFM_HL_Y,KY97M,COR,-13.805199949283685,-13.004375246205218,0,0
3HFM_HL_Y,RY21A,COR,-13.825627148924658,-12.984300309496751,0,0
3HFM_HL_Y,RY21G,COR,-13.642343902073627,-11.220403169711954,0,0
3HFM_HL_Y,RY21M,COR,-13.805199949283685,-11.755423312363245,0,0
3HFM_HL_Y,RY21N,COR,-13.642343902073627,-11.314211795962509,0,0
3HFM_HL_Y,RY21Q,COR,-13.642343902073627,-11.24494261545643,0,0
3HFM_HL_Y,RY21W,COR,-13.642343902073627,-11.509581494845989,0,0
3HFM_HL_Y,RY73A,RIM,-13.846054348565632,-14.17743303091428,1,0
3M62_A_B,DA46A,COR,-9.755599983828938,-6.957007844981759,0,0
3M62_A_B,EA32A,RIM,-9.755599983828938,-8.926300856832087,0,0
3M62_A_B,EA55A,RIM,-9.755599983828938,-8.704554991966381,0,2
3M62_A_B,KB8A,SUR,-9.755599983828938,-9.258722982481029,0,0
3M62_A_B,RA98A,RIM,-9.755599983828938,-8.967304206918415,0,1
3M63_A_B,DA46A,COR,-9.213014835370307,-6.979932795118599,0,0
3M63_A_B,EA33A,SUR,-9.213014835370307,-8.56699618635947,0,0
3M63_A_B,EA55A,RIM,-9.213014835370307,-8.866837501742904,0,0
3M63_A_B,RA98A,RIM,-9.213014835370307,-9.398214354955817,1,1
3MZG_A_B,HA125A,INT,-8.834695647820503,-8.949089065501862,1,0
3MZG_A_B,HA14A,RIM,-9.464649900280797,-9.483823301696125,1,0
3MZG_A_B,HA160A,SUP,-8.834695647820503,-7.911509900588562,0,0
3MZG_A_B,HA167A,COR,-9.3192371160628,-7.83195645563441,0,0
3MZG_A_B,HA17A,SUP,-9.464649900280797,-9.402648574820896,0,0
3MZG_A_B,HA182A,SUR,-9.80692875919428,-9.437299568016691,0,0
3MZG_A_B,HA33A,SUR,-8.834695647820503,-8.694917306733805,0,0
3MZG_A_B,HA46A,INT,-8.834695647820503,-8.42615752074715,0,0
3MZG_A_B,HA84A,INT,-8.834695647820503,-8.755374211005032,0,1
3MZG_A_B,HB188A,COR,-9.157667355820584,-7.3813490217055335,0,2
3NGB_HL_G,DH103A,RIM,-10.616174588666079,-10.55630649446756,0,0
3NGB_HL_G,EL88A,COR,-10.616174588666079,-9.296297547656879,0,0
3NGB_HL_G,KH52A,COR,-10.616174588666079,-9.993326527368747,0,0
3NGB_HL_G,KH52N,COR,-11.234538605422618,-11.05957831362821,0,0
3NGB_HL_G,RH54A,RIM,-10.616174588666079,-10.87554441103964,1,0
3NGB_HL_G,RH54N,RIM,-11.234538605422618,-11.188090728147374,0,0
3NGB_HL_G,RH62A,COR,-10.616174588666079,-9.620385166182505,0,0
3NGB_HL_G,RH62Q,COR,-11.234538605422618,-11.137994051084325,0,0
3NGB_HL_G,RH72A,COR,-10.616174588666079,-8.973048277648935,0,2
3NVN_B_A,RB186S,SUP,-11.128150922312342,-9.83888671283251,0,1
3QDG_ABC_DE,DD26W,COR,-6.847797466553434,-8.409280279165147,1,0
3QDG_ABC_DE,DD26Y,COR,-6.847797466553434,-8.640733295930513,1,0
3QDG_ABC_DE,RD27P,RIM,-6.847797466553434,-6.709461516727559,0,0
3QDG_ABC_DE,RD27W,RIM,-6.847797466553434,-6.251614093742281,0,0
3QDJ_ABC_DE,DD26W,COR,-5.9536993382116465,-8.124470432915512,1,0
3QDJ_ABC_DE,DD26Y,COR,-5.9536993382116465,-7.290263403449062,1,0
3QDJ_ABC_DE,RD27P,RIM,-5.9536993382116465,-5.913763719439383,0,0
3QDJ_ABC_DE,RD27W,RIM,-5.9536993382116465,-5.7370099262647525,0,0
3QIB_ABP_CD,DB74A,COR,-7.171435464563412,-6.308964097823899,0,1
3QIB_ABP_CD,EA75A,SUR,-7.171435464563412,-7.171435464563412,0,0
3QIB_ABP_CD,EB57A,SUR,-7.171435464563412,-7.171435464563412,0,1
3QIB_ABP_CD,EB64A,RIM,-7.171435464563412,-5.9592335272755275,0,0
3QIB_ABP_CD,EB67A,COR,-7.171435464563412,-5.350932020325369,0,2
3QIB_ABP_CD,HB79A,COR,-7.171435464563412,-7.119911336621025,0,0
3QIB_ABP_CD,KA67A,RIM,-7.171435464563412,-6.605625617077869,0,0
3QIB_ABP_CD,KP8A,COR,-7.171435464563412,-4.034016068178817,0,2
3SE8_HL_G,DH110A,RIM,-9.982720995723096,-10.37204834981096,1,0
3SE8_HL_G,DH114A,COR,-9.982720995723096,-10.226847234578216,1,0
3SE8_HL_G,DL49A,SUR,-9.982720995723096,-9.126919760772742,0,1
3SE8_HL_G,EL1A,RIM,-9.982720995723096,-10.53920747222914,1,0
3SE8_HL_G,EL91A,COR,-9.982720995723096,-8.469314048146522,0,0
3SE8_HL_G,KH52A,COR,-9.982720995723096,-8.871368333018664,0,0
3SE8_HL_G,RH30A,COR,-9.982720995723096,-10.022216423398975,1,0
3SE8_HL_G,RH62A,COR,-9.982720995723096,-8.776618826050266,0,0
3SE8_HL_G,RH72A,COR,-9.982720995723096,-7.338405585414085,0,2
3SE9_HL_G,DH77A,RIM,-10.53920747222914,-11.30564659710931,1,0
3SE9_HL_G,EL90A,COR,-10.53920747222914,-10.121870910391152,0,0
3SE9_HL_G,RH67A,COR,-10.53920747222914,-9.069744263633778,0,0
3SE9_HL_G,RH74A,COR,-10.53920747222914,-7.860099182659528,0,2
3SE9_HL_G,RH76A,RIM,-10.53920747222914,-10.771410759331832,1,0
3SGB_E_I,EI13A,RIM,-14.45687917561649,-13.451829790073695,0,0
3SGB_E_I,EI13C,RIM,-14.45687917561649,-13.298555131979498,0,0
3SGB_E_I,EI13F,RIM,-14.45687917561649,-12.540324450817037,0,0
3SGB_E_I,EI13G,RIM,-14.45687917561649,-12.381225537410353,0,0
3SGB_E_I,EI13I,RIM,-14.45687917561649,-15.071591495425094,1,0
3SGB_E_I,EI13L,RIM,-14.45687917561649,-13.688412724736269,0,0
3SGB_E_I,EI13M,RIM,-14.45687917561649,-14.643738110986867,1,0
3SGB_E_I,EI13N,RIM,-14.45687917561649,-13.37018008836751,0,0
3SGB_E_I,EI13P,RIM,-14.45687917561649,-12.213393804473068,0,0
3SGB_E_I,EI13Q,RIM,-14.45687917561649,-14.275902568449585,0,0
3SGB_E_I,EI13S,RIM,-14.45687917561649,-12.540324450817037,0,0
3SGB_E_I,EI13T,RIM,-14.45687917561649,-12.343229745728898,0,0
3SGB_E_I,EI13V,RIM,-14.45687917561649,-14.33110464312149,0,0
3SGB_E_I,EI13W,RIM,-14.45687917561649,-12.930719589442216,0,0
3SGB_E_I,EI13Y,RIM,-14.45687917561649,-13.688412724736269,0,0
3SGB_E_I,KI7A,COR,-14.45687917561649,-16.993217794894026,1,0
3SGB_E_I,KI7C,COR,-14.45687917561649,-15.033595703743638,1,0
3SGB_E_I,KI7F,COR,-14.45687917561649,-15.172337996945862,1,0
3SGB_E_I,KI7G,COR,-14.45687917561649,-15.172337996945862,1,0
3SGB_E_I,KI7I,COR,-14.45687917561649,-15.78280088656872,1,0
3SGB_E_I,KI7L,COR,-14.45687917561649,-16.248942741495178,1,0
3SGB_E_I,KI7M,COR,-14.45687917561649,-15.606893621756765,1,0
3SGB_E_I,KI7N,COR,-14.45687917561649,-15.10724246461661,1,0
3SGB_E_I,KI7P,COR,-14.45687917561649,-14.45687917561649,0,0
3SGB_E_I,KI7Q,COR,-14.45687917561649,-15.071591495425094,1,0
3SGB_E_I,KI7S,COR,-14.45687917561649,-17.008458803913108,1,0
3SGB_E_I,KI7T,COR,-14.45687917561649,-16.378778682751005,1,0
3SGB_E_I,KI7V,COR,-14.45687917561649,-15.398755870735945,1,0
3SGB_E_I,KI7W,COR,-14.45687917561649,-14.470082122737097,1,0
3SGB_E_I,KI7Y,COR,-14.45687917561649,-15.033595703743638,1,0
3SGB_E_I,RI15A,RIM,-14.45687917561649,-14.403874876380769,0,0
3SGB_E_I,RI15C,RIM,-14.45687917561649,-13.911867038305049,0,0
3SGB_E_I,RI15F,RIM,-14.45687917561649,-14.232095444276343,0,0
3SGB_E_I,RI15G,RIM,-14.45687917561649,-13.365122000104602,0,0
3SGB_E_I,RI15I,RIM,-14.45687917561649,-14.216749575773845,0,0
3SGB_E_I,RI15L,RIM,-14.45687917561649,-14.232095444276343,0,0
3SGB_E_I,RI15M,RIM,-14.45687917561649,-14.33110464312149,0,0
3SGB_E_I,RI15N,RIM,-14.45687917561649,-14.1304149608701,0,0
3SGB_E_I,RI15P,RIM,-14.45687917561649,-6.879364841089033,0,0
3SGB_E_I,RI15Q,RIM,-14.45687917561649,-14.415920778297174,0,0
3SGB_E_I,RI15S,RIM,-14.45687917561649,-14.183116949118762,0,0
3SGB_E_I,RI15T,RIM,-14.45687917561649,-14.009460960868992,0,0
3SGB_E_I,RI15V,RIM,-14.45687917561649,-14.48018391122899,1,0
3SGB_E_I,RI15W,RIM,-14.45687917561649,-14.149384339851196,0,0
3SGB_E_I,RI15Y,RIM,-14.45687917561649,-14.16699991194709,0,0
3SZK_AB_C,DC120A,RIM,-10.060426550795079,-9.42099324362938,0,0
3SZK_AB_C,DC121A,SUR,-10.060426550795079,-9.400163176571933,0,0
3SZK_AB_C,DC48A,SUR,-10.060426550795079,-9.866506360485008,0,0
3SZK_AB_C,DC51A,INT,-10.060426550795079,-9.866506360485008,0,0
3SZK_AB_C,EC123A,SUR,-10.060426550795079,-9.264546293367749,0,0
3SZK_AB_C,EC124A,SUR,-10.060426550795079,-9.400163176571933,0,0
3SZK_AB_C,HC42A,INT,-10.060426550795079,-7.652704118027484,0,0
3SZK_AB_C,KC56A,SUR,-10.060426550795079,-9.96903443475875,0,0
3SZK_AB_C,KC57A,SUR,-10.060426550795079,-10.094518656181373,1,0
3UIG_A_P,DA67A,SUP,-7.252046665186191,-5.213841399916829,0,0
3UIG_A_P,EA47A,COR,-7.252046665186191,-6.605625617077869,0,0
3UIG_A_P,EA61A,COR,-7.252046665186191,-5.49437073616649,0,0
3UIG_A_P,EA72A,COR,-7.252046665186191,-5.459890498752152,0,0
3UIG_A_P,KA58A,COR,-7.252046665186191,-6.8056977378541506,0,0
3UII_A_P,KA58A,RIM,-6.817423941227824,-6.77185115905533,0,0
3W2D_A_HL,KA67N,COR,-12.594947262492314,-7.97326588847999,0,2
4CVW_A_C,DA720W,COR,-14.148541743958834,-12.927862012938872,0,2
4CVW_A_C,RC27A,COR,-14.148541743958834,-12.320737840773742,0,2
4CVW_A_C,RC31A,COR,-14.148541743958834,-12.0721197404266,0,2
4CVW_A_C,RC31W,COR,-14.148541743958834,-12.65858821507664,0,2
4E6K_AB_G,KG40A,RIM,-7.398682025795977,-6.902002257315703,0,0
4FTV_ABC_DE,DD93A,COR,-7.644880931939062,-6.748386762525108,0,2
4FTV_ABC_DE,KD66A,COR,-7.810256834148637,-9.389033490126877,1,0
4FTV_ABC_DE,RA65A,RIM,-7.644880931939062,-4.139046577818984,0,2
4G0N_A_B,DA33A,RIM,-9.838122636459769,-8.94366435431542,0,0
4G0N_A_B,DA38A,COR,-9.999716426635421,-6.70021045378935,0,2
4G0N_A_B,EA31A,RIM,-9.838122636459769,-8.89364020930513,0,2
4G0N_A_B,EA37A,RIM,-9.999716426635421,-8.199174735399243,0,2
4G0N_A_B,HA27A,RIM,-9.999716426635421,-10.30001528468851,1,0
4G0N_A_B,KB31A,RIM,-9.838122636459769,-7.718961819987987,0,2
4G0N_A_B,RA41A,COR,-9.838122636459769,-10.191847519932985,1,1
4G0N_A_B,RB14A,RIM,-9.838122636459769,-8.089676506768003,0,2
4G0N_A_B,RB6A,RIM,-9.838122636459769,-7.968956040938779,0,0
4HFK_A_BD,EB46A,COR,-13.048887185958517,-11.860913274316617,0,0
4HFK_A_BD,EB56A,COR,-13.048887185958517,-12.10696237315194,0,2
4HFK_A_BD,RB22A,COR,-13.048887185958517,-11.657455284095505,0,1
4I77_HL_Z,DH54A,RIM,-15.300312523131439,-12.681172543337022,0,0
4JEU_A_B,RA169A,SUR,-12.0721197404266,-12.482569560320066,1,0
4JEU_A_B,RA37C,COR,-12.0721197404266,-11.162968098265909,0,1
4JEU_A_B,RB3A,COR,-12.0721197404266,-10.944518068808838,0,2
4JFF_ABC_DE,EC1A,SUP,-12.573850489603284,-5.254695799198776,0,2
4JPK_HL_A,RA81T,RIM,-10.03594820555824,-9.27728732163637,0,0
4KRL_A_B,DB112A,COR,-9.080203145886726,-8.430557559270843,0,2
4KRL_A_B,RB30A,COR,-9.080203145886726,-7.360009089686455,0,2
4KRO_A_B,DB92A,COR,-8.943220691323713,-7.439080227231274,0,0
4KRO_A_B,RB15A,COR,-8.943220691323713,-7.360009089686455,0,2
4KRP_A_B,EB105A,RIM,-9.244279487906523,-7.638323581014758,0,2
4L3E_ABC_DE,EA166A,RIM,-7.338209551202327,-6.121303586096431,0,0
4L3E_ABC_DE,RA65A,COR,-9.544393517718953,-8.24329837180116,0,0
4LRX_AB_CD,HA56N,INT,-6.466968366213361,-6.14672123982043,0,0
4MNQ_ABC_DE,KC4A,COR,-11.860913274316617,-6.927759731308861,0,2
4N8V_G_ABC,KG38A,RIM,-6.345176929200774,-5.757414294925911,0,0
4NKQ_C_AB,DB176A,INT,-13.25752587523134,-11.20241219395174,0,0
4NKQ_C_AB,DB176N,INT,-13.25752587523134,-11.453377251679434,0,0
4NKQ_C_AB,RB156Q,INT,-13.25752587523134,-12.721987124842823,0,0
4NKQ_C_AB,RB178M,COR,-13.25752587523134,-11.124223159535067,0,0
4NM8_ABCDEF_HL,DB19N,COR,-11.925569522022448,-11.264106721329343,0,0
4NM8_ABCDEF_HL,RB25M,COR,-11.925569522022448,-8.483407811272958,0,0
4OZG_ABJ_GH,DH98A,COR,-6.436716447486139,-4.81514053659536,0,0
4OZG_ABJ_GH,RH95A,COR,-6.436716447486139,-4.722797761566595,0,0
4PWX_AB_CD,DA250A,SUR,-8.54578576719436,-7.402982109903518,0,0
4PWX_AB_CD,EA206A,SUR,-8.54578576719436,-7.50713645748758,0,0
4PWX_AB_CD,EC17A,RIM,-8.54578576719436,-9.23017991895208,1,0
4PWX_AB_CD,HC19A,SUP,-8.54578576719436,-8.893845944760056,1,0
4PWX_AB_CD,KB65A,RIM,-8.54578576719436,-8.343417583364165,0,0
4PWX_AB_CD,KB68A,RIM,-8.54578576719436,-8.098148147471882,0,0
4PWX_AB_CD,KC1A,RIM,-8.54578576719436,-8.077901596816499,0,0
4PWX_AB_CD,KC9A,RIM,-8.54578576719436,-8.819730099058614,1,0
4PWX_AB_CD,RB269A,COR,-8.54578576719436,-6.817423941227824,0,0
4PWX_AB_CD,RB71A,COR,-8.54578576719436,-8.186860075243281,0,0
4PWX_AB_CD,RC23A,SUP,-8.54578576719436,-6.817423941227824,0,0
4PWX_AB_CD,RC28A,RIM,-8.54578576719436,-6.817423941227824,0,0
4PWX_AB_CD,RC31A,RIM,-8.54578576719436,-8.211282254798999,0,0
4RS1_A_B,DA92A,COR,-11.114531577979092,-9.516450364825138,0,2
4RS1_A_B,DA92N,COR,-11.114531577979092,-9.785909923345221,0,2
4RS1_A_B,EA88A,RIM,-11.114531577979092,-10.671784709363783,0,0
4RS1_A_B,EA88Q,RIM,-11.114531577979092,-10.25518843154952,0,0
4RS1_A_B,KA91A,RIM,-11.114531577979092,-11.221399892946875,1,0
4RS1_A_B,KA91Q,RIM,-11.114531577979092,-10.859892048024737,0,0
4Y61_A_B,RB86A,COR,-8.792499834004891,-8.98545593985874,1,0
4YEB_A_B,DA133A,INT,-10.597158250780366,-9.23017991895208,0,0
4YEB_A_B,RB88T,SUR,-10.597158250780366,-10.319720375333391,0,0
4YFD_A_B,DB7A,SUP,-8.409280279165147,-8.463979502755882,1,0
4YFD_A_B,EA259A,COR,-8.409280279165147,-7.193369598779385,0,2
4YFD_A_B,KB71A,COR,-8.409280279165147,-6.934937442460113,0,2
4YFD_A_B,RA169A,COR,-8.409280279165147,-8.24991468554626,0,0
4YFD_A_B,RA48A,INT,-8.409280279165147,-8.124470432915512,0,1
4YH7_A_B,DB258A,RIM,-9.304295764653522,-7.714020613022044,0,0
4YH7_A_B,DB7A,SUP,-9.304295764653522,-7.662496485079656,0,2
4YH7_A_B,RA169A,COR,-9.304295764653522,-7.866695130706514,0,2
4YH7_A_B,RA48A,SUP,-9.304295764653522,-7.57121555579644,0,1
4ZS6_HL_A,EA156A,COR,-8.870621245733144,-5.832123580382747,0,0
5E6P_A_B,RB42A,COR,-7.640082082237977,-6.962874219191071,0,0
5F4E_A_B,DA51A,SUR,-9.69145020480495,-9.583656864125414,0,0
5F4E_A_B,EA50A,RIM,-9.69145020480495,-9.40802000531097,0,0
5F4E_A_B,EB26A,COR,-9.69145020480495,-8.267329397807913,0,0
5F4E_A_B,HA136A,COR,-9.69145020480495,-7.701424918486423,0,0
5F4E_A_B,KB139A,RIM,-9.69145020480495,-9.401986599492574,0,0
5F4E_A_B,RA139A,COR,-9.69145020480495,-8.226875562636971,0,0
5M2O_A_B,EA80A,RIM,-11.375544023890248,-10.652568079554824,0,2
5M2O_A_B,HA117A,SUP,-11.375544023890248,-10.463337168250828,0,1
5M2O_A_B,KA73A,COR,-11.375544023890248,-12.157631547813075,1,0
5M2O_A_B,KB32A,RIM,-11.375544023890248,-10.276778783038704,0,2
5TAR_A_B,EB86A,COR,-7.687698327578415,-6.561742290886464,0,0
