pdb,chain1,resname1,resid1,chain2,resname2,resid2,sb_dist,split
4CVW,C,ARG,78,A,GLU,719,3.648498493695047,0
4CVW,C,HIS,10,A,ASP,569,4.419467308834307,0
4CVW,C,ARG,31,A,ASP,463,4.11434222022097,0
4CVW,C,ARG,27,A,ASP,720,3.764604661724485,0
3NVQ,A,ARG,159,B,GLU,185,3.489320776494933,0
3NVQ,B,LYS,190,A,ASP,171,3.3519056754856966,0
3NVQ,A,LYS,235,B,ASP,166,2.483881962129328,0
2NYY,C,ARG,54,D,ASP,102,4.6216065346497865,0
2NYY,A,HIS,1036,D,ASP,101,3.5146934172160176,0
2NYY,D,ARG,99,C,GLU,59,3.785127260268088,0
2VIS,B,LYS,152,A,GLU,127,3.5486096942359,0
2VIS,B,HIS,173,A,ASP,141,3.771701385655453,0
4G0N,B,ARG,14,A,GLU,37,4.364555736654509,0
4G0N,B,ARG,36,A,ASP,38,4.744484562970564,0
4G0N,B,LYS,31,A,GLU,31,3.956668479739837,0
3SEK,C,ARG,182,B,GLU,91,3.949200568262928,0
3W2D,H,HIS,172,L,ASP,168,3.7157300533655335,0
3W2D,A,LYS,67,H,GLU,99,2.400128187865024,0
1TM1,I,ARG,62,E,GLU,156,3.478303817328194,0
3UII,3,ARG,33,2,GLU,32,4.0652567251417,0
3UII,1,LYS,11,2,GLU,32,3.4964827991983944,0
3UII,4,ARG,104,1,ASP,101,4.3119468854027145,0
3UII,1,LYS,11,6,GLU,36,3.3707843963437325,0
2VLN,B,LYS,97,A,GLU,36,2.8866256862665307,0
2VLN,B,ARG,54,A,GLU,25,3.321102999264728,0
2NOJ,B,ARG,24,A,ASP,29,5.348807630048527,0
3H9S,E,ARG,196,D,ASP,137,3.3421993164329677,0
3H9S,A,ARG,35,B,ASP,54,4.093600490196099,0
3H9S,E,HIS,138,D,ASP,116,4.664159226066896,0
3H9S,D,LYS,55,A,GLU,154,2.7398285681425216,0
3H9S,A,ARG,65,D,ASP,93,4.075886876793867,0
1IAR,A,ARG,88,B,ASP,72,3.5250207978036863,0
1IAR,A,ARG,81,B,ASP,121,4.140210811221964,0
1IAR,A,ARG,85,B,ASP,67,3.534331249639691,0
3M62,B,LYS,9,A,GLU,55,3.960774747768205,0
1YCS,A,ARG,152,B,GLU,169,4.273861154662801,0
1YCS,A,ARG,152,B,ASP,149,4.05150181334658,0
4EKD,B,LYS,107,A,ASP,81,3.49116838311515,0
4EKD,A,LYS,179,B,GLU,40,2.7160223352665582,0
2O3B,A,ARG,60,B,GLU,24,4.878716811217648,0
2O3B,A,LYS,68,B,ASP,75,3.0848922346493928,0
2O3B,A,ARG,123,B,GLU,111,4.614375559872882,0
3UIH,1,LYS,11,2,GLU,32,3.678568573761029,0
3UIH,1,LYS,11,6,GLU,36,3.658176858039065,0
1AHW,C,LYS,190,B,ASP,52,3.877619738161742,0
2PCC,B,LYS,78,A,GLU,290,3.5490939495225957,0
3D3V,E,ARG,196,D,ASP,137,3.445723550624453,0
3D3V,E,HIS,138,D,ASP,116,4.797486268476158,0
3D3V,E,ARG,101,A,GLU,154,3.523872525530916,0
3D3V,A,ARG,65,D,ASP,93,3.740830120098632,0
3D3V,D,LYS,66,A,GLU,166,3.896045091623317,0
2AW2,A,ARG,9,B,GLU,30,4.386220885934753,0
2AW2,A,ARG,81,B,ASP,6,4.923000762906879,0
1Y33,I,ARG,62,E,GLU,156,3.4912998505550576,0
1TMG,I,ARG,62,E,GLU,156,4.396524191306974,0
2GYK,B,ARG,51,A,GLU,28,3.4542040480094856,0
2GYK,B,LYS,94,A,GLU,39,3.113545607121979,0
3WWN,A,LYS,43,B,GLU,47,3.5914742611446635,0
3WWN,A,ARG,221,B,ASP,27,4.088535281752378,0
3WWN,A,LYS,43,B,ASP,51,3.137968018801877,0
3WWN,A,ARG,221,B,GLU,26,4.205850044358508,0
2AJF,E,ARG,98,A,GLU,311,4.074426287231583,0
1UUZ,D,ARG,114,A,ASP,63,3.664087452760477,0
1UUZ,A,HIS,62,D,GLU,35,3.881564737772592,0
1UUZ,D,ARG,114,A,ASP,89,4.426670413799336,0
1A22,B,ARG,11,A,ASP,160,4.012286583194677,0
1A22,A,LYS,41,B,GLU,86,3.228756655351731,0
1A22,A,ARG,64,B,ASP,119,3.994668871121048,0
1A22,B,ARG,30,A,GLU,56,3.932920177973103,0
1A22,A,ARG,156,B,GLU,86,5.062066104940767,0
2CCL,B,ARG,22,A,GLU,82,5.033877620809616,0
2CCL,B,ARG,60,A,GLU,116,4.740883407179915,0
2VIR,B,LYS,152,A,GLU,127,3.646267966781848,0
2VIR,B,HIS,173,A,ASP,141,3.702132863591928,0
1Y34,I,ARG,62,E,GLU,156,3.4987793231732462,0
4HFK,A,LYS,29,B,GLU,56,3.132799187966905,0
2KSO,A,LYS,49,B,GLU,39,3.6439017841348895,0
2KSO,A,ARG,50,B,ASP,36,4.83984583932074,0
2KSO,A,ARG,50,B,GLU,39,3.2455912866674628,0
2KSO,A,LYS,10,B,ASP,25,3.69448587885444,0
2KSO,A,LYS,10,B,ASP,24,2.71816053931098,0
2KSO,A,LYS,49,B,GLU,38,3.7085335691187233,0
3VR6,E,LYS,22,B,GLU,68,3.6024769850122587,0
3VR6,E,ARG,267,B,GLU,358,4.523515675697797,0
3VR6,A,LYS,411,E,GLU,186,3.338838721009758,0
3VR6,F,LYS,446,C,ASP,503,3.0944731280933637,0
3VR6,B,ARG,481,E,GLU,381,4.198512170579013,0
3VR6,G,LYS,17,C,GLU,468,3.4748976707738644,0
3VR6,B,LYS,416,F,GLU,189,3.242839009038314,0
3VR6,E,LYS,63,A,GLU,22,4.121310249204456,0
3VR6,G,ARG,135,C,ASP,476,4.224135066007125,0
3VR6,A,ARG,476,G,ASP,31,3.681638237600496,0
3VR6,F,ARG,258,B,ASP,357,3.998236745886835,0
3VR6,F,LYS,25,C,GLU,62,4.132711169018354,0
3VR6,G,LYS,173,A,GLU,347,2.829964975095502,0
3VR6,B,LYS,14,E,GLU,43,3.79429018741379,0
3VR6,E,ARG,255,A,ASP,352,3.761123525201702,0
3VR6,D,LYS,351,A,ASP,269,2.873359168749384,0
3VR6,D,ARG,255,C,ASP,347,5.01271836625105,0
3VR6,F,LYS,443,C,GLU,494,3.700501662841526,0
3VR6,D,LYS,22,A,GLU,63,3.946328343819799,0
4I77,L,ARG,100,H,ASP,98,3.5735574170658544,0
4I77,H,LYS,214,L,GLU,127,4.025959171515663,0
1X1W,A,ARG,85,D,ASP,40,3.7862130366990794,0
1X1W,A,HIS,100,D,ASP,40,4.973051947968229,0
1X1W,A,ARG,81,D,ASP,40,3.484985356359224,0
1X1W,A,ARG,57,D,GLU,77,4.415780464525015,0
3LB6,A,LYS,100,C,ASP,242,3.5112964751067826,0
3NVN,A,ARG,118,B,GLU,183,4.362764079755635,0
3NVN,B,ARG,95,A,ASP,286,3.702878736292962,0
3NVN,A,ARG,120,B,GLU,183,3.668400511849157,0
3NVN,A,ARG,193,B,ASP,164,3.617389249567435,0
3NVN,A,ARG,86,B,GLU,236,3.549004668449704,0
1GUA,B,ARG,4,A,GLU,37,3.6523672694947993,0
1GUA,B,ARG,34,A,ASP,38,4.772131945731147,0
3QHY,A,LYS,68,B,ASP,130,3.397383329491145,0
3QHY,A,LYS,80,B,ASP,91,3.062884346617869,0
4GU0,E,ARG,8,A,ASP,410,5.041818203615717,0
4GU0,E,ARG,2,A,GLU,489,3.724967960438966,0
4GU0,E,ARG,8,A,ASP,406,3.4133792162235124,0
1XGT,C,LYS,97,B,ASP,32,3.2436877588596884,0
3S9D,A,ARG,120,B,GLU,66,4.073285278456195,0
1VFB,A,ARG,96,B,GLU,98,3.461270550222808,0
1BP3,A,ARG,163,B,ASP,89,4.744923753812276,0
3N0P,A,ARG,164,B,GLU,43,3.829187311933527,0
3N0P,B,HIS,188,A,ASP,170,4.794991081554542,0
3N0P,A,ARG,164,B,ASP,96,4.603310945349584,0
3N0P,A,LYS,56,B,GLU,18,2.8231651802408053,0
3N0P,A,LYS,56,B,ASP,134,3.946427975444886,0
3N0P,A,LYS,174,B,ASP,187,3.724139676201076,0
3L5X,L,HIS,91,H,ASP,105,4.091250030142802,0
3L5X,A,ARG,98,H,ASP,56,3.433810755195479,0
3L5X,A,LYS,94,H,ASP,103,3.1348290822971285,0
3L5X,A,ARG,5,H,ASP,105,3.558205032072764,0
2VLQ,B,ARG,54,A,GLU,30,3.270549323406093,0
2VLQ,B,LYS,89,A,GLU,41,3.7962813346241338,0
4ZS6,H,ARG,99,L,GLU,55,3.0386885186623345,0
4ZS6,H,LYS,108,L,GLU,55,3.5140203579170244,0
3R9A,A,ARG,113,C,ASP,240,4.059450513551447,0
3R9A,C,ARG,115,A,ASP,238,4.2167034421503695,0
1Y48,I,ARG,62,E,GLU,156,3.2239718171169094,0
3LZF,A,LYS,154,H,ASP,56,3.993442592348081,0
3LZF,A,ARG,308,B,ASP,90,4.228007284108211,0
3LZF,B,LYS,68,A,GLU,103,2.839149505002087,0
3LZF,A,ARG,102,B,GLU,69,3.357388910331609,0
3LZF,A,LYS,163,L,ASP,93,2.556007094039936,0
4FTV,E,ARG,196,D,ASP,137,3.77394016133385,0
4FTV,A,ARG,35,B,ASP,54,3.524483172324531,0
4FTV,A,ARG,65,D,ASP,93,3.856324964577305,0
1Y3C,I,ARG,62,E,GLU,156,3.530619948640876,0
5CYK,A,HIS,295,B,GLU,334,3.917375663650232,0
5CYK,A,LYS,168,B,GLU,47,2.788651258229934,0
5CYK,B,ARG,16,A,ASP,426,3.8705632919649298,0
5CYK,B,LYS,5,A,GLU,395,3.1863723247138145,0
2J1K,C,ARG,24,T,GLU,38,3.660346876374326,0
3EQS,9,LYS,39,5,ASP,55,3.259569165613236,0
3EQS,3,LYS,73,0,GLU,70,3.1789254074027955,0
1YY9,A,LYS,442,D,ASP,58,3.271433107586897,0
1YY9,A,LYS,464,D,ASP,103,3.967439253200377,0
1YY9,C,LYS,49,D,GLU,105,3.639989894116492,0
1QSE,A,ARG,35,B,ASP,54,4.188068485731188,0
1QSE,A,ARG,65,D,ASP,93,3.640865005919628,0
1QSE,E,ARG,194,D,ASP,137,3.4197316305577607,0
4L0P,A,ARG,78,B,GLU,103,4.360277234979439,0
4L0P,B,LYS,91,A,GLU,27,3.6286379827063895,0
1YQV,Y,ARG,45,H,GLU,50,4.229667036374915,0
1YQV,Y,ARG,68,H,GLU,50,3.516914802531482,0
1YQV,H,LYS,211,L,GLU,122,2.716267317866419,0
1YQV,L,ARG,46,H,ASP,104,4.218929619715743,0
1JRH,I,LYS,42,H,ASP,58,3.718724580125252,0
1JRH,I,LYS,42,H,ASP,56,2.9704188777103337,0
4G2V,A,ARG,213,B,GLU,5,3.480040856835215,0
4G2V,A,LYS,94,B,GLU,7,3.708393848380341,0
4G2V,B,LYS,12,A,ASP,69,2.844938816848764,0
4G2V,A,ARG,124,B,GLU,10,4.069538521717213,0
4G2V,A,ARG,198,B,GLU,5,3.501918494962588,0
4G2V,A,ARG,212,B,GLU,3,3.960153525092129,0
3PWP,E,ARG,196,D,ASP,137,3.2211693028395536,0
3PWP,A,ARG,35,B,ASP,54,3.916210853907925,0
3PWP,E,ARG,101,A,GLU,154,4.241895404047721,0
3PWP,A,ARG,65,D,ASP,93,3.7786669751428414,0
3PWP,B,LYS,7,A,GLU,232,3.244934482783192,0
3MZW,B,ARG,5,A,GLU,370,4.628607080227544,0
3QDG,E,ARG,193,D,ASP,136,3.5743799600793635,0
3QDG,A,ARG,35,B,ASP,54,3.923139624789468,0
3QDG,E,HIS,135,D,ASP,115,3.9848860619293887,0
2J12,B,LYS,48,A,GLU,168,3.252000890568085,0
2J12,B,LYS,103,A,ASP,8,3.7660720588019294,0
2J12,A,LYS,22,B,GLU,38,3.108582234225761,0
4NM8,B,ARG,127,D,GLU,131,4.144703125941359,0
4NM8,D,ARG,76,B,GLU,74,3.7242856285448167,0
4NM8,C,ARG,261,D,GLU,67,4.429554603265013,0
4NM8,A,ARG,261,B,GLU,67,4.364122172834994,0
4NM8,E,ARG,101,F,GLU,67,4.315947698659844,0
4NM8,F,ARG,127,B,GLU,131,4.01152211360066,0
4NM8,B,ARG,170,F,GLU,128,4.387520778517492,0
4NM8,D,ARG,76,B,GLU,81,3.643860388768724,0
4NM8,B,ARG,54,D,GLU,97,5.234181349352323,0
4NM8,F,LYS,62,B,ASP,86,3.2799576172371188,0
4NM8,B,ARG,163,D,GLU,131,3.5132768588659697,0
4NM8,D,ARG,127,F,GLU,131,4.258844263195466,0
4NM8,D,ARG,163,F,GLU,131,3.749369108733689,0
4NM8,C,LYS,230,F,GLU,72,3.9720608847697942,0
4NM8,B,ARG,124,D,ASP,132,4.1612951359539,0
4NM8,B,LYS,62,D,ASP,90,3.203165009881431,0
4NM8,F,ARG,76,D,GLU,74,3.685088024755129,0
4NM8,F,ARG,170,D,GLU,128,4.2331436793209285,0
4NM8,B,ARG,76,F,GLU,81,3.4759868400447744,0
4NM8,A,ARG,101,B,GLU,67,4.189024613929414,0
4NM8,A,LYS,230,D,GLU,72,3.5107698051259395,0
4NM8,C,LYS,302,D,ASP,90,3.5013489863961884,0
4NM8,D,LYS,62,F,ASP,86,3.015198275544964,0
4NM8,B,LYS,62,D,ASP,86,3.2389400232834205,0
4NM8,D,ARG,54,F,GLU,97,5.110289205691831,0
4NM8,F,ARG,76,D,GLU,81,3.626278888276235,0
4NM8,F,ARG,124,B,ASP,132,4.201905043162528,0
4NM8,D,ARG,124,F,ASP,132,4.037135295659955,0
4NM8,D,LYS,62,F,ASP,90,3.4158419112537257,0
4NM8,D,ARG,170,B,GLU,128,4.25289547186734,0
4NM8,F,ARG,163,B,GLU,131,3.6031723880793054,0
4NM8,C,ARG,101,D,GLU,67,4.260848422007284,0
4NM8,F,LYS,62,B,ASP,90,3.212449557948157,0
4NM8,E,ARG,261,F,GLU,67,4.369958458346628,0
4NM8,B,ARG,76,F,GLU,74,3.6509192167339393,0
1CZ8,W,ARG,10,V,GLU,17,4.480364775577993,0
1CZ8,V,ARG,10,W,GLU,17,4.495089883697495,0
1CZ8,H,LYS,218,L,ASP,122,2.8129389612476983,0
1CZ8,H,LYS,213,L,GLU,123,3.7311695939581657,0
3UIG,3,ARG,33,2,GLU,32,4.03262828857067,0
3UIG,9,ARG,129,2,GLU,132,3.943141373026939,0
3UIG,1,LYS,11,2,GLU,32,3.34796569853172,0
3UIG,4,ARG,104,1,ASP,101,4.557387157789913,0
3UIG,1,LYS,11,6,GLU,36,3.487326058821071,0
3F1S,A,LYS,201,B,ASP,151,3.527770908719904,0
3F1S,B,ARG,196,A,ASP,255,3.5528247478234265,0
3F1S,A,LYS,201,B,GLU,149,3.15762306746522,0
3F1S,B,HIS,155,A,ASP,200,4.0443984201546925,0
3F1S,A,ARG,299,B,ASP,121,5.045964305844298,0
3F1S,B,ARG,248,A,ASP,36,3.5763256419387544,0
1WQJ,B,ARG,26,I,ASP,19,4.517455385774518,0
1AO7,A,ARG,48,B,ASP,54,3.875969481625354,0
1AO7,A,ARG,65,D,ASP,93,3.820648602285984,0
1AO7,D,LYS,66,A,GLU,166,3.334015975300776,0
4RS1,B,ARG,149,A,ASP,92,4.692324571978857,0
4RS1,B,LYS,174,A,ASP,92,3.819207414228288,0
4RS1,B,ARG,39,A,GLU,21,3.9021208242333993,0
2B0U,B,HIS,36,C,GLU,125,3.931683088813029,0
2C0L,B,LYS,17,A,ASP,277,3.0222573893789,0
2C0L,A,ARG,261,B,GLU,14,4.047663278343241,0
1KIR,A,ARG,96,B,GLU,98,3.5043173559580127,0
2B42,A,HIS,357,B,GLU,171,3.728006628352827,0
2B42,B,ARG,121,A,GLU,337,4.345335502287243,0
1B2S,A,ARG,59,D,GLU,77,3.515694378112968,0
1B2S,A,ARG,83,D,ASP,40,3.597626932740312,0
1B2S,A,ARG,87,D,ASP,40,3.763591422831376,0
1B2S,A,HIS,102,D,ASP,40,4.989647710340385,0
3G6D,A,ARG,105,L,ASP,49,3.3683090137472167,0
3G6D,A,ARG,105,H,ASP,106,3.74957108221116,0
3G6D,A,LYS,94,L,ASP,50,3.0704989306872785,0
5M2O,B,LYS,32,A,GLU,80,3.0117653934014608,0
1P69,B,LYS,101,A,ASP,13,3.781640682003275,0
1P69,A,LYS,27,B,GLU,36,3.502745042779378,0
1P69,B,LYS,103,A,ASP,13,3.254007260461809,0
4WND,A,ARG,201,B,GLU,11,3.459356512028703,0
4WND,A,ARG,215,B,GLU,9,4.231259697864355,0
4WND,A,ARG,124,B,GLU,16,3.846552316935758,0
4WND,B,LYS,18,A,ASP,69,2.6303417823556874,0
4WND,A,ARG,216,B,GLU,11,3.5333587036016456,0
4JFE,A,LYS,66,C,GLU,1,3.023045969202412,0
4JFE,E,HIS,138,D,GLU,193,3.4968949935057565,0
4JFE,E,ARG,196,D,ASP,136,3.6082056945109553,0
4BFI,B,LYS,99,A,GLU,92,3.649147739365615,0
4KRP,B,ARG,19,A,GLU,353,4.56244758471013,0
4KRP,A,ARG,327,B,GLU,105,4.395534693313908,0
4KRP,A,ARG,327,B,ASP,107,4.6967099209108,0
4KRP,A,ARG,325,B,ASP,107,4.023970047905149,0
3Q8D,5,ARG,5,6,GLU,26,3.5959028018694057,0
3Q8D,5,LYS,205,7,GLU,127,3.5724681185526896,0
3Q8D,4,ARG,164,8,ASP,178,3.521236198821472,0
3Q8D,0,ARG,30,2,ASP,22,3.337688000288761,0
3Q8D,1,ARG,131,4,GLU,134,3.664074006277738,0
3Q8D,8,LYS,188,9,ASP,159,3.5056321849668235,0
2UWE,A,ARG,65,F,GLU,56,4.528134498336333,0
2UWE,F,LYS,136,E,ASP,141,3.765245786414329,0
2UWE,F,ARG,189,E,ASP,141,3.5539720833700565,0
2UWE,A,ARG,48,B,ASP,54,3.745616578271331,0
2UWE,A,ARG,35,B,ASP,54,4.218096889520307,0
2UWE,B,LYS,7,A,GLU,232,3.908775393566811,0
2UWE,E,LYS,101,F,ASP,59,3.0690146469377173,0
1GC1,C,LYS,29,G,ASP,126,3.5652725280908504,0
1GC1,C,ARG,59,G,ASP,186,3.177187852727849,0
4GNK,A,ARG,185,B,ASP,597,4.407511325907221,0
4GNK,B,LYS,598,A,GLU,174,3.099137754234681,0
1EMV,B,ARG,54,A,GLU,28,3.5572016959944697,0
3BT1,A,LYS,39,U,GLU,36,3.149315270271978,0
3BT1,A,LYS,54,U,GLU,36,3.897993798171558,0
1Y3D,I,ARG,62,E,GLU,156,3.589200294708529,0
2JCC,A,ARG,65,F,GLU,56,4.597861594902436,0
2JCC,F,ARG,189,E,ASP,141,3.613687845691117,0
2JCC,A,ARG,48,B,ASP,54,4.035211970380878,0
2JCC,E,LYS,101,F,ASP,59,3.0365690833597374,0
1Y1K,I,ARG,62,E,GLU,156,3.7677908397994457,0
3QFJ,E,ARG,196,D,ASP,137,3.392817459246128,0
3QFJ,A,ARG,35,B,ASP,54,4.030234509870782,0
3QFJ,E,HIS,138,D,ASP,116,3.765981410651136,0
3QFJ,A,ARG,65,D,ASP,93,3.847060305407822,0
3QFJ,D,LYS,66,A,GLU,166,3.584063056651115,0
3QFJ,B,LYS,7,A,GLU,232,3.748758570058941,0
4KRO,B,ARG,15,A,GLU,397,4.274019790473357,0
4KRO,A,ARG,371,B,ASP,106,3.8692304250808993,0
4KRO,A,ARG,369,B,ASP,106,4.033410083444119,0
3QIB,P,LYS,8,D,ASP,100,3.981895814090586,0
3QIB,D,HIS,136,C,ASP,115,3.7225299202486055,0
3QIB,D,ARG,194,C,ASP,136,3.51404901795162,0
3QIB,B,ARG,135,A,ASP,29,4.101143326828195,0
3QIB,C,ARG,89,A,GLU,55,3.823830803825461,0
3QIB,A,ARG,76,B,ASP,55,3.7414926888882296,0
3QIB,P,LYS,12,B,GLU,7,2.8307477179197087,0
3QIB,C,LYS,52,B,GLU,67,3.1440841321116304,0
3QIB,A,ARG,94,B,ASP,138,3.8226124485722046,0
3QIB,A,ARG,94,B,ASP,109,4.089730565612585,0
3QIB,C,ARG,38,D,GLU,155,4.381185748618139,0
3QIB,B,ARG,2,A,ASP,17,4.206422169340927,0
3QIB,B,ARG,91,A,GLU,47,4.99150005811381,0
4N8V,A,ARG,35,B,ASP,54,4.372296523501813,0
4N8V,A,ARG,145,G,ASP,125,4.130146185010193,0
4N8V,A,HIS,151,G,GLU,96,4.304669062913161,0
1GRN,B,LYS,83,A,ASP,63,3.0345453930801614,0
1GRN,B,ARG,87,A,ASP,63,5.025569705619058,0
1N8Z,B,ARG,50,C,ASP,544,4.56628014784029,0
1N8Z,B,ARG,50,C,GLU,542,4.21531661557615,0
3B4V,C,HIS,57,A,ASP,89,4.055261099452964,0
3B4V,B,HIS,35,C,ASP,120,3.948029397912743,0
2AK4,E,HIS,134,D,ASP,120,3.7242075435125046,0
2AK4,A,ARG,35,B,ASP,53,3.955919110336096,0
2AK4,A,ARG,48,B,ASP,53,3.866165077044844,0
2AK4,E,ARG,192,D,ASP,141,3.356748381674681,0
2P5E,A,ARG,65,E,ASP,54,3.63540008605283,0
2P5E,A,ARG,48,B,ASP,54,3.833154732345307,0
2P5E,A,ARG,35,B,ASP,54,4.089071045093594,0
2P5E,E,ARG,192,D,ASP,142,3.536062842167192,0
2P5E,A,HIS,192,B,ASP,99,4.354055805472011,0
3SE3,A,HIS,221,B,ASP,68,4.26867998937794,0
3SE3,B,ARG,121,C,GLU,67,4.2418652011481335,0
2WPT,B,LYS,82,A,GLU,38,3.02224990532508,0
2WPT,B,ARG,47,A,GLU,27,3.4953527808743976,0
2WPT,B,LYS,90,A,GLU,38,3.022949101950323,0
1FFW,A,LYS,125,B,GLU,59,2.9689739874156817,0
4JPK,H,ARG,72,A,ASP,141,3.659299388969573,0
4JEU,B,LYS,1,A,ASP,15,4.079354449729375,0
4JEU,B,ARG,3,A,GLU,130,4.725526885712659,0
4JEU,B,ARG,96,A,GLU,57,4.168660911350634,0
1OGA,E,ARG,191,D,ASP,136,3.5323357773441035,0
1OGA,A,ARG,48,B,ASP,54,3.7230346666625342,0
1OGA,A,ARG,35,B,ASP,54,4.126093481890584,0
1OGA,A,ARG,202,B,ASP,99,4.135136023919709,0
1OGA,E,HIS,133,D,ASP,115,3.6381558748317353,0
1OGA,D,ARG,122,E,GLU,125,3.4033039601466246,0
1OGA,A,HIS,192,B,ASP,99,4.628117609932605,0
5UFE,B,LYS,36,A,GLU,63,3.3678943270573094,0
1X1X,A,HIS,102,D,ASP,39,4.899079718304772,0
1X1X,A,ARG,83,D,ASP,39,3.5695276565556924,0
1X1X,A,ARG,87,D,ASP,39,3.910345592872568,0
4HRN,A,HIS,45,D,GLU,13,3.686820725698303,0
2QJ9,A,LYS,5,C,ASP,15,3.5797829713275435,0
4MNQ,C,LYS,4,D,ASP,89,3.0254848068681244,0
4MNQ,A,ARG,48,B,ASP,54,3.0950570197570677,0
4MNQ,D,ARG,67,A,GLU,166,3.64783436580938,0
4MNQ,E,ARG,191,D,ASP,137,3.6438904286328695,0
4MNQ,A,ARG,65,E,ASP,55,3.923670821625847,0
4MNQ,B,LYS,7,A,GLU,232,3.45185960541857,0
4MNQ,B,HIS,14,A,ASP,238,4.93933522073166,0
4MNQ,A,HIS,192,B,ASP,99,4.788045128276885,0
4E6K,B,ARG,30,A,ASP,56,3.5690958160132413,0
4E6K,A,ARG,30,B,ASP,56,3.586516017289164,0
2GOX,B,ARG,31,A,ASP,39,4.969687815176044,0
