pdb,chain1,resname1,resid1,chain2,resname2,resid2,sb_dist
4CVW,C,ARG,78,A,GLU,719,3.648498493695047
4CVW,C,HIS,10,A,ASP,569,4.419467308834307
4CVW,C,ARG,31,A,ASP,463,4.11434222022097
4CVW,C,ARG,27,A,ASP,720,3.7646046617244844
3NPS,B,HIS,100,A,ASP,91,4.345848627140931
3QDJ,E,ARG,193,D,ASP,136,3.6512711789977774
3QDJ,A,ARG,48,B,ASP,54,3.3922130585298365
3QDJ,A,ARG,35,B,ASP,54,4.2977358922206745
3QDJ,B,LYS,7,A,GLU,232,3.765701779849246
3QDJ,A,ARG,14,B,ASP,35,5.247233524525363
1EFN,B,LYS,12,A,ASP,15,3.2643956164787853
1EFN,B,ARG,7,A,ASP,16,4.126100505643975
4FZA,A,LYS,86,B,GLU,122,3.4906316409470977
3NVQ,A,ARG,159,B,GLU,185,3.489320776494933
3NVQ,B,LYS,190,A,ASP,171,3.3519056754856966
3NVQ,A,LYS,235,B,ASP,166,2.483881962129328
2NYY,C,ARG,54,D,ASP,102,4.6216065346497865
2NYY,A,HIS,1036,D,ASP,101,3.5146934172160176
2NYY,D,ARG,99,C,GLU,59,3.785127260268088
2VIS,B,LYS,152,A,GLU,127,3.5486096942359002
2VIS,B,HIS,173,A,ASP,141,3.771701385655453
4G0N,B,ARG,14,A,GLU,37,4.364555736654509
4G0N,B,ARG,36,A,ASP,38,4.744484562970564
4G0N,B,LYS,31,A,GLU,31,3.9566684797398364
3LNZ,0,LYS,40,6,ASP,56,3.330323484111768
3SEK,C,ARG,182,B,GLU,91,3.949200568262928
3W2D,H,HIS,172,L,ASP,168,3.7157300533655335
3W2D,A,LYS,67,H,GLU,99,2.400128187865024
4YEB,A,ARG,95,B,ASP,17,4.188237330169562
1TM1,I,ARG,62,E,GLU,156,3.478303817328194
3UII,3,ARG,33,2,GLU,32,4.0652567251417
3UII,1,LYS,11,2,GLU,32,3.4964827991983944
3UII,4,ARG,104,1,ASP,101,4.3119468854027145
3UII,1,LYS,11,6,GLU,36,3.3707843963437325
2VLN,B,LYS,97,A,GLU,36,2.8866256862665307
2VLN,B,ARG,54,A,GLU,25,3.321102999264728
3KUD,B,ARG,34,A,ASP,38,4.6642844173948035
3KUD,B,ARG,12,A,GLU,37,4.651316600212056
3KUD,B,LYS,29,A,GLU,31,2.782677034876075
1MLC,E,ARG,45,B,GLU,50,4.357864201110406
1MLC,A,ARG,96,B,GLU,35,4.2764172078079215
1MLC,E,ARG,68,B,GLU,50,3.6793130840551824
1MLC,E,ARG,68,B,GLU,35,4.414344328422331
3RF3,C,ARG,2,A,GLU,59,3.498591593139816
2NOJ,B,ARG,24,A,ASP,29,5.348807630048527
1GL0,3,HIS,53,8,ASP,98,3.7504211838002157
1GL0,0,ARG,150,8,ASP,68,5.013377995073387
5CXB,A,HIS,299,B,GLU,336,4.027194584042385
5CXB,A,LYS,170,B,GLU,49,3.3461449505480374
5CXB,B,ARG,18,A,ASP,437,3.6576704835755107
5CXB,B,ARG,54,A,ASP,101,3.4319132818174674
1JTG,A,ARG,217,B,ASP,49,4.877209625853273
1JTG,B,LYS,74,A,GLU,79,3.7366916319893653
1JTG,A,LYS,208,B,ASP,49,4.065304826519822
3H9S,E,ARG,196,D,ASP,137,3.3421993164329673
3H9S,A,ARG,35,B,ASP,54,4.093600490196099
3H9S,E,HIS,138,D,ASP,116,4.664159226066896
3H9S,D,LYS,55,A,GLU,154,2.7398285681425216
3H9S,A,ARG,65,D,ASP,93,4.075886876793867
4K71,A,LYS,571,C,GLU,69,3.907274478307598
4K71,C,ARG,12,B,ASP,227,3.9178699556105343
1IAR,A,ARG,88,B,ASP,72,3.5250207978036863
1IAR,A,ARG,81,B,ASP,121,4.140210811221964
1IAR,A,ARG,85,B,ASP,67,3.534331249639691
1KIP,A,ARG,96,B,GLU,98,3.431841897848738
3C60,C,ARG,77,D,ASP,67,3.4496910602967623
3C60,C,LYS,95,D,ASP,163,2.9809247634101568
3C60,A,ARG,98,B,ASP,57,3.6420730855335233
3C60,C,LYS,40,B,GLU,54,3.2458340012937614
3C60,D,ARG,160,C,ASP,30,4.135496987812264
3C60,B,ARG,191,A,ASP,136,3.266655520531106
3C60,D,ARG,44,C,ASP,143,4.189179598883877
3C60,D,ARG,44,C,GLU,86,5.105030688902544
3M62,B,LYS,9,A,GLU,55,3.960774747768205
3SE9,H,ARG,74,G,ASP,229,3.5488250587075956
1S0W,C,ARG,144,A,GLU,214,3.8543717157983712
1YCS,A,ARG,152,B,GLU,169,4.273861154662801
1YCS,A,ARG,152,B,ASP,149,4.05150181334658
4EKD,B,LYS,107,A,ASP,81,3.49116838311515
4EKD,A,LYS,179,B,GLU,40,2.7160223352665582
1LFD,A,LYS,39,B,ASP,33,2.9110145427553316
2VLR,E,ARG,191,D,ASP,136,3.6272300928619394
2VLR,A,ARG,48,B,ASP,54,3.8635908201550597
2VLR,A,ARG,35,B,ASP,54,3.9481102377474975
2VLR,E,HIS,133,D,ASP,115,3.919536481119464
2VLR,D,ARG,122,E,GLU,125,3.9722665665432038
2VLR,B,LYS,7,A,GLU,232,4.092371159755914
2VLR,A,HIS,192,B,ASP,99,4.4222343463370555
1XGP,B,LYS,208,A,GLU,124,3.902313267650662
1XGP,C,LYS,97,B,ASP,32,3.093834401797328
4OZG,B,ARG,140,A,ASP,30,4.133720454830046
4OZG,H,HIS,134,G,ASP,114,4.115401065845291
4OZG,G,HIS,48,B,GLU,67,4.112142019626041
4OZG,H,ARG,192,G,ASP,132,3.3656213924189857
4OZG,A,LYS,94,B,ASP,112,3.315555120614375
4OZG,A,LYS,94,B,ASP,143,2.875534516126255
4OZG,B,LYS,69,J,GLU,5,3.610143130502816
4P5T,D,LYS,7,A,ASP,30,3.683227357600474
4P5T,A,ARG,93,C,ASP,56,4.551430391605298
4P5T,D,LYS,5,A,ASP,94,4.0659674380106186
4P5T,D,ARG,42,C,GLU,86,4.808989633625853
4P5T,C,ARG,77,D,ASP,65,3.55113909199697
4P5T,A,ARG,93,D,GLU,2,3.382980762230933
4P5T,C,LYS,95,D,ASP,161,2.929952277538115
4P5T,C,LYS,40,B,GLU,54,3.369092105958865
4P5T,A,ARG,50,D,GLU,77,5.124490295417766
4P5T,D,ARG,42,C,ASP,143,4.652010557396706
4P5T,B,ARG,191,A,ASP,138,3.942906260058753
2O3B,A,ARG,60,B,GLU,24,4.878716811217648
2O3B,A,LYS,68,B,ASP,75,3.0848922346493928
2O3B,A,ARG,123,B,GLU,111,4.614375559872882
3UIH,1,LYS,11,2,GLU,32,3.678568573761029
3UIH,1,LYS,11,6,GLU,36,3.6581768580390652
1AHW,C,LYS,190,B,ASP,52,3.877619738161742
2PCC,B,LYS,78,A,GLU,290,3.5490939495225953
1K8R,B,ARG,77,A,ASP,54,3.874262702220593
3D3V,E,ARG,196,D,ASP,137,3.445723550624453
3D3V,E,HIS,138,D,ASP,116,4.797486268476158
3D3V,E,ARG,101,A,GLU,154,3.523872525530916
3D3V,A,ARG,65,D,ASP,93,3.7408301200986322
3D3V,D,LYS,66,A,GLU,166,3.8960450916233165
2AW2,A,ARG,9,B,GLU,30,4.386220885934753
2AW2,A,ARG,81,B,ASP,6,4.923000762906879
3MZG,A,ARG,164,B,GLU,43,3.741276727143083
3MZG,B,HIS,188,A,ASP,170,4.656532066821979
3MZG,A,ARG,164,B,ASP,96,4.693555132401347
3MZG,A,LYS,56,B,GLU,18,2.6266003852761926
3MZG,A,LYS,174,B,ASP,187,3.7896119272224373
3SE8,H,ARG,72,G,ASP,228,3.6738276782474877
1Y33,I,ARG,62,E,GLU,156,3.4912998505550576
2DSQ,G,ARG,34,I,GLU,8,3.8321285307050816
1C1Y,B,ARG,35,A,ASP,38,4.740772656335759
1C1Y,B,LYS,30,A,ASP,33,3.9286880405954214
1C1Y,B,ARG,5,A,GLU,37,3.7790464067917227
1TMG,I,ARG,62,E,GLU,156,4.396524191306974
4J2L,0,ARG,50,2,GLU,52,3.6821529977825005
2GYK,B,ARG,51,A,GLU,28,3.4542040480094856
2GYK,B,LYS,94,A,GLU,39,3.113545607121979
3WWN,A,LYS,43,B,GLU,47,3.5914742611446635
3WWN,A,ARG,221,B,ASP,27,4.088535281752378
3WWN,A,LYS,43,B,ASP,51,3.137968018801877
3WWN,A,ARG,221,B,GLU,26,4.205850044358508
2AJF,E,ARG,98,A,GLU,311,4.074426287231583
2C5D,C,ARG,22,A,GLU,182,3.9937538795509946
2C5D,A,ARG,32,C,GLU,33,3.5466592889164157
2C5D,B,ARG,32,D,GLU,33,3.5956617180283894
2C5D,D,ARG,22,B,GLU,182,3.78927035896847
1UUZ,D,ARG,114,A,ASP,63,3.6640874527604765
1UUZ,A,HIS,62,D,GLU,35,3.8815647377725924
1UUZ,D,ARG,114,A,ASP,89,4.426670413799336
1A22,B,ARG,11,A,ASP,160,4.012286583194677
1A22,A,LYS,41,B,GLU,86,3.228756655351731
1A22,A,ARG,64,B,ASP,119,3.994668871121048
1A22,B,ARG,30,A,GLU,56,3.9329201779731027
1A22,A,ARG,156,B,GLU,86,5.062066104940767
2CCL,B,ARG,22,A,GLU,82,5.033877620809616
2CCL,B,ARG,60,A,GLU,116,4.740883407179915
2VIR,B,LYS,152,A,GLU,127,3.646267966781848
2VIR,B,HIS,173,A,ASP,141,3.7021328635919275
1GCQ,C,HIS,44,A,GLU,14,4.907313142966151
1A4Y,B,LYS,40,A,ASP,435,2.7667800056967082
1A4Y,B,ARG,32,A,ASP,36,3.420324036769149
1A4Y,B,ARG,31,A,ASP,35,3.3589553760313606
2BNR,A,ARG,48,B,ASP,54,3.879464943454349
2BNR,A,ARG,35,B,ASP,54,3.435880744980453
2BNR,E,HIS,134,D,ASP,119,3.513331744420587
2BNR,E,ARG,192,D,ASP,140,3.3909108328526574
2BNR,A,HIS,192,B,ASP,99,4.25539064364953
4L3E,A,LYS,66,C,GLU,1,3.2959239100409023
4L3E,E,ARG,193,D,ASP,136,3.611341145035866
4L3E,A,ARG,48,B,ASP,54,3.5092026314741585
1Y34,I,ARG,62,E,GLU,156,3.4987793231732462
4Y61,A,ARG,209,B,ASP,139,3.524602487058274
4Y61,B,ARG,161,A,GLU,118,4.031719351949881
4Y61,A,LYS,115,B,GLU,182,3.2009413521571144
4Y61,A,ARG,206,B,ASP,159,5.03718059215004
4Y61,A,ARG,209,B,GLU,187,4.1750373803124985
4HFK,A,LYS,29,B,GLU,56,3.132799187966905
2KSO,A,LYS,49,B,GLU,39,3.6439017841348904
2KSO,A,ARG,50,B,ASP,36,4.8398458393207395
2KSO,A,ARG,50,B,GLU,39,3.2455912866674628
2KSO,A,LYS,10,B,ASP,25,3.6944858788544397
2KSO,A,LYS,10,B,ASP,24,2.71816053931098
2KSO,A,LYS,49,B,GLU,38,3.7085335691187233
1MI5,C,ARG,5,A,ASP,74,3.2664211197529816
1MI5,D,ARG,124,E,GLU,126,4.782265064289545
1MI5,E,ARG,192,D,ASP,138,3.5203359015188798
1MI5,C,ARG,5,A,ASP,9,4.08938111256852
1MI5,A,ARG,79,E,GLU,50,4.132144373336139
1MI5,D,LYS,98,E,ASP,54,3.651314148715611
1MI5,C,ARG,3,A,ASP,156,3.514162121674722
1MI5,E,HIS,134,D,ASP,117,3.723600822145782
1XXM,A,ARG,218,C,ASP,49,4.8824078159017334
1N8O,C,ARG,6,B,GLU,6,3.4371141881548564
3VR6,E,LYS,22,B,GLU,68,3.6024769850122587
3VR6,E,ARG,267,B,GLU,358,4.523515675697797
3VR6,A,LYS,411,E,GLU,186,3.338838721009758
3VR6,F,LYS,446,C,ASP,503,3.0944731280933633
3VR6,B,ARG,481,E,GLU,381,4.198512170579013
3VR6,G,LYS,17,C,GLU,468,3.4748976707738644
3VR6,B,LYS,416,F,GLU,189,3.242839009038314
3VR6,E,LYS,63,A,GLU,22,4.1213102492044555
3VR6,G,ARG,135,C,ASP,476,4.224135066007125
3VR6,A,ARG,476,G,ASP,31,3.6816382376004957
3VR6,F,ARG,258,B,ASP,357,3.998236745886835
3VR6,F,LYS,25,C,GLU,62,4.132711169018354
3VR6,G,LYS,173,A,GLU,347,2.829964975095502
3VR6,B,LYS,14,E,GLU,43,3.79429018741379
3VR6,E,ARG,255,A,ASP,352,3.761123525201702
3VR6,D,LYS,351,A,ASP,269,2.873359168749384
3VR6,D,ARG,255,C,ASP,347,5.01271836625105
3VR6,F,LYS,443,C,GLU,494,3.700501662841526
3VR6,D,LYS,22,A,GLU,63,3.9463283438197987
3NGB,H,ARG,72,G,ASP,229,3.5712299797689377
5DWU,H,ARG,51,A,ASP,82,3.1809395864365912
1OHZ,B,ARG,53,A,GLU,82,4.828591414823452
1OHZ,B,ARG,23,A,GLU,116,4.666581287862383
4I77,L,ARG,100,H,ASP,98,3.5735574170658544
4I77,H,LYS,214,L,GLU,127,4.025959171515663
4YH7,A,ARG,169,B,ASP,7,4.336429404289403
4YH7,A,ARG,71,B,GLU,257,4.336283372586303
4YH7,A,ARG,68,B,GLU,257,3.9359072219886
1X1W,A,ARG,85,D,ASP,40,3.7862130366990785
1X1W,A,HIS,100,D,ASP,40,4.973051947968229
1X1W,A,ARG,81,D,ASP,40,3.484985356359224
1X1W,A,ARG,57,D,GLU,77,4.415780464525015
3LB6,A,LYS,100,C,ASP,242,3.5112964751067826
3NVN,A,ARG,118,B,GLU,183,4.362764079755635
3NVN,B,ARG,95,A,ASP,286,3.702878736292962
3NVN,A,ARG,120,B,GLU,183,3.6684005118491565
3NVN,A,ARG,193,B,ASP,164,3.617389249567435
3NVN,A,ARG,86,B,GLU,236,3.549004668449704
1KAC,B,LYS,101,A,ASP,13,3.7670966317947374
1KAC,A,LYS,27,B,GLU,36,3.3483111113596835
1KAC,B,LYS,103,A,ASP,13,3.1428593535601275
1GUA,B,ARG,4,A,GLU,37,3.6523672694947993
1GUA,B,ARG,34,A,ASP,38,4.772131945731147
3QHY,A,LYS,68,B,ASP,130,3.3973833294911455
3QHY,A,LYS,80,B,ASP,91,3.0628843466178686
4GU0,E,ARG,8,A,ASP,410,5.041818203615717
4GU0,E,ARG,2,A,GLU,489,3.724967960438966
4GU0,E,ARG,8,A,ASP,406,3.4133792162235124
1XGT,C,LYS,97,B,ASP,32,3.2436877588596884
4UYQ,B,ARG,58,A,GLU,78,4.051095074318177
4UYQ,B,ARG,14,A,GLU,128,4.063654946859994
3S9D,A,ARG,120,B,GLU,66,4.073285278456195
1VFB,A,ARG,96,B,GLU,98,3.4612705502228076
2BTF,P,LYS,90,A,ASP,285,2.939968926717193
2BTF,A,LYS,112,P,GLU,82,3.0475481342704236
1LP9,A,ARG,65,F,GLU,56,4.586799338107409
1LP9,F,LYS,136,E,ASP,141,4.0190563610382535
1LP9,F,ARG,189,E,ASP,141,3.7327332396498605
1LP9,A,ARG,48,B,ASP,54,3.753492387015048
1LP9,A,ARG,35,B,ASP,54,4.198404411657679
1LP9,E,LYS,101,F,ASP,59,2.6671379389435814
2J8U,A,ARG,65,F,GLU,56,4.760493534030421
2J8U,F,LYS,136,E,ASP,141,3.7501408850949063
2J8U,F,ARG,189,E,ASP,141,3.758517350750227
2J8U,A,ARG,35,B,ASP,54,3.9664471704887707
2J8U,E,LYS,101,F,ASP,59,3.4779625134013523
1BRS,A,ARG,57,D,GLU,74,3.80564189144429
1BRS,A,ARG,81,D,ASP,39,3.4024221999417255
1BRS,A,HIS,100,D,ASP,39,4.87603352621167
1BRS,A,ARG,85,D,ASP,39,3.8718229300490483
1BP3,A,ARG,163,B,ASP,89,4.744923753812276
4NKQ,B,LYS,90,C,ASP,99,3.809418362332035
4NKQ,B,LYS,136,A,ASP,328,2.8294693648096207
4NKQ,B,HIS,108,A,GLU,365,3.6562356730949817
1KIQ,A,ARG,96,B,GLU,98,3.518018433115518
3N0P,A,ARG,164,B,GLU,43,3.829187311933527
3N0P,B,HIS,188,A,ASP,170,4.794991081554542
3N0P,A,ARG,164,B,ASP,96,4.603310945349584
3N0P,A,LYS,56,B,GLU,18,2.8231651802408053
3N0P,A,LYS,56,B,ASP,134,3.946427975444886
3N0P,A,LYS,174,B,ASP,187,3.724139676201076
3L5X,L,HIS,91,H,ASP,105,4.091250030142802
3L5X,A,ARG,98,H,ASP,56,3.433810755195479
3L5X,A,LYS,94,H,ASP,103,3.1348290822971285
3L5X,A,ARG,5,H,ASP,105,3.5582050320727636
2VLQ,B,ARG,54,A,GLU,30,3.270549323406093
2VLQ,B,LYS,89,A,GLU,41,3.7962813346241338
4KRL,A,ARG,47,B,ASP,112,4.260253974774127
4KRL,B,ARG,30,A,ASP,49,3.5103289052294215
4KRL,A,ARG,47,B,GLU,110,4.728436199079574
3SZK,C,HIS,97,A,ASP,74,4.497693542516904
4ZS6,H,ARG,99,L,GLU,55,3.0386885186623345
4ZS6,H,LYS,108,L,GLU,55,3.5140203579170244
3R9A,A,ARG,113,C,ASP,240,4.059450513551447
3R9A,C,ARG,115,A,ASP,238,4.2167034421503695
2G2W,A,ARG,218,B,ASP,49,4.79858756903411
1Y48,I,ARG,62,E,GLU,156,3.2239718171169094
3LZF,A,LYS,154,H,ASP,56,3.993442592348081
3LZF,A,ARG,308,B,ASP,90,4.228007284108211
3LZF,B,LYS,68,A,GLU,103,2.839149505002087
3LZF,A,ARG,102,B,GLU,69,3.3573889103316095
3LZF,A,LYS,163,L,ASP,93,2.556007094039936
4FTV,E,ARG,196,D,ASP,137,3.77394016133385
4FTV,A,ARG,35,B,ASP,54,3.524483172324531
4FTV,A,ARG,65,D,ASP,93,3.856324964577305
1XGR,B,LYS,208,A,GLU,124,3.9247109868867165
1XGR,C,LYS,97,B,ASP,32,3.1715473588832546
1Y3C,I,ARG,62,E,GLU,156,3.5306199486408754
5CYK,A,HIS,295,B,GLU,334,3.9173756636502315
5CYK,A,LYS,168,B,GLU,47,2.788651258229934
5CYK,B,ARG,16,A,ASP,426,3.8705632919649298
5CYK,B,LYS,5,A,GLU,395,3.1863723247138145
2PCB,B,LYS,72,A,GLU,290,3.140142218840012
1QSF,A,ARG,35,B,ASP,54,4.002062893373625
1QSF,A,ARG,65,D,ASP,93,4.121131815258711
1QSF,E,ARG,194,D,ASP,137,4.168249924129708
2J1K,C,ARG,24,T,GLU,38,3.660346876374326
3NCB,A,ARG,164,B,GLU,43,3.5268225503968686
3NCB,B,HIS,188,A,ASP,170,4.631687073619462
3NCB,B,ARG,73,A,GLU,54,4.931453028403859
3NCB,A,LYS,56,B,GLU,18,2.983169454501712
3NCB,A,LYS,56,B,ASP,134,3.507090621773646
3NCB,A,LYS,174,B,ASP,187,3.764918261313177
2A9K,B,LYS,45,A,ASP,94,3.3667895851927323
1XGU,B,LYS,208,A,GLU,123,3.723041524167637
1XGU,C,LYS,97,B,ASP,32,3.272273169759129
1KTZ,A,ARG,64,B,ASP,8,3.5425695373328954
1KTZ,A,ARG,13,B,GLU,95,3.562790932077592
1FCC,C,LYS,28,A,GLU,145,3.2250681420004863
1FCC,C,LYS,28,A,GLU,143,3.233197421868569
4JFD,A,LYS,66,C,GLU,1,3.387818362489209
4JFD,E,ARG,196,D,ASP,136,3.863811492368761
4JFD,E,HIS,138,D,ASP,115,3.902453972702822
3EQS,9,LYS,39,5,ASP,55,3.259569165613236
3EQS,3,LYS,73,0,GLU,70,3.1789254074027955
3BE1,H,ARG,50,A,GLU,544,4.063860709501454
3BE1,H,ARG,50,A,ASP,546,3.9411766680165954
3SE4,B,ARG,105,A,ASP,117,2.6828831572094898
3SE4,B,ARG,13,C,GLU,175,3.988711661579423
3SE4,A,ARG,226,B,GLU,93,4.10222641289073
3SE4,A,HIS,221,B,ASP,79,4.328998482094855
1DQJ,B,LYS,208,A,GLU,123,3.624732522289432
1DQJ,C,LYS,97,B,ASP,32,3.330157530220287
1YY9,A,LYS,442,D,ASP,58,3.271433107586897
1YY9,A,LYS,464,D,ASP,103,3.9674392532003773
1YY9,C,LYS,49,D,GLU,105,3.639989894116492
1QSE,A,ARG,35,B,ASP,54,4.188068485731188
1QSE,A,ARG,65,D,ASP,93,3.6408650059196277
1QSE,E,ARG,194,D,ASP,137,3.4197316305577607
2HLE,A,LYS,141,B,GLU,93,3.252906660489963
2HLE,B,LYS,81,A,GLU,35,2.6961345026315664
1B2U,A,ARG,59,D,GLU,77,4.1943350748724555
1B2U,A,ARG,83,D,ASP,40,3.543896534045147
1B2U,A,ARG,87,D,ASP,40,3.8285781636476903
1B2U,A,HIS,102,D,ASP,40,4.950145034185771
4L0P,A,ARG,78,B,GLU,103,4.360277234979439
4L0P,B,LYS,91,A,GLU,27,3.6286379827063895
3BDY,H,LYS,212,L,GLU,127,3.464244850582377
1YQV,Y,ARG,45,H,GLU,50,4.229667036374915
1YQV,Y,ARG,68,H,GLU,50,3.516914802531482
1YQV,H,LYS,211,L,GLU,122,2.716267317866419
1YQV,L,ARG,46,H,ASP,104,4.218929619715743
3N06,A,ARG,164,B,GLU,43,3.661221630664348
3N06,B,HIS,188,A,ASP,170,4.679698266151427
3N06,A,ARG,164,B,ASP,96,4.708981922053716
3N06,A,LYS,56,B,GLU,18,2.7651679620885354
3N06,A,LYS,56,B,ASP,134,4.174928351862619
3N06,A,LYS,174,B,ASP,187,3.791168029241484
3HFM,H,LYS,209,L,GLU,123,3.70486505778833
1JRH,I,LYS,42,H,ASP,58,3.718724580125252
1JRH,I,LYS,42,H,ASP,56,2.9704188777103337
4G2V,A,ARG,213,B,GLU,5,3.480040856835215
4G2V,A,LYS,94,B,GLU,7,3.708393848380341
4G2V,B,LYS,12,A,ASP,69,2.8449388168487637
4G2V,A,ARG,124,B,GLU,10,4.069538521717213
4G2V,A,ARG,198,B,GLU,5,3.5019184949625877
4G2V,A,ARG,212,B,GLU,3,3.9601535250921285
3PWP,E,ARG,196,D,ASP,137,3.2211693028395536
3PWP,A,ARG,35,B,ASP,54,3.9162108539079252
3PWP,E,ARG,101,A,GLU,154,4.241895404047721
3PWP,A,ARG,65,D,ASP,93,3.7786669751428423
3PWP,B,LYS,7,A,GLU,232,3.244934482783192
3MZW,B,ARG,5,A,GLU,370,4.628607080227544
1QRN,A,ARG,35,B,ASP,54,4.1489859684594625
1QRN,A,ARG,65,D,ASP,93,4.1043092132155925
1QRN,E,ARG,194,D,ASP,137,3.611430172403759
3QDG,E,ARG,193,D,ASP,136,3.5743799600793635
3QDG,A,ARG,35,B,ASP,54,3.9231396247894676
3QDG,E,HIS,135,D,ASP,115,3.9848860619293887
2J12,B,LYS,48,A,GLU,168,3.252000890568085
2J12,B,LYS,103,A,ASP,8,3.7660720588019294
2J12,A,LYS,22,B,GLU,38,3.108582234225761
4NM8,B,ARG,127,D,GLU,131,4.1447031259413585
4NM8,D,ARG,76,B,GLU,74,3.7242856285448167
4NM8,C,ARG,261,D,GLU,67,4.429554603265013
4NM8,A,ARG,261,B,GLU,67,4.364122172834994
4NM8,E,ARG,101,F,GLU,67,4.315947698659844
4NM8,F,ARG,127,B,GLU,131,4.01152211360066
4NM8,B,ARG,170,F,GLU,128,4.387520778517492
4NM8,D,ARG,76,B,GLU,81,3.6438603887687235
4NM8,B,ARG,54,D,GLU,97,5.234181349352323
4NM8,F,LYS,62,B,ASP,86,3.2799576172371188
4NM8,B,ARG,163,D,GLU,131,3.5132768588659697
4NM8,D,ARG,127,F,GLU,131,4.258844263195466
4NM8,D,ARG,163,F,GLU,131,3.749369108733689
4NM8,C,LYS,230,F,GLU,72,3.9720608847697947
4NM8,B,ARG,124,D,ASP,132,4.1612951359539
4NM8,B,LYS,62,D,ASP,90,3.203165009881431
4NM8,F,ARG,76,D,GLU,74,3.6850880247551285
4NM8,F,ARG,170,D,GLU,128,4.2331436793209285
4NM8,B,ARG,76,F,GLU,81,3.4759868400447744
4NM8,A,ARG,101,B,GLU,67,4.189024613929414
4NM8,A,LYS,230,D,GLU,72,3.5107698051259395
4NM8,C,LYS,302,D,ASP,90,3.5013489863961884
4NM8,D,LYS,62,F,ASP,86,3.0151982755449636
4NM8,B,LYS,62,D,ASP,86,3.2389400232834205
4NM8,D,ARG,54,F,GLU,97,5.1102892056918305
4NM8,F,ARG,76,D,GLU,81,3.626278888276235
4NM8,F,ARG,124,B,ASP,132,4.201905043162528
4NM8,D,ARG,124,F,ASP,132,4.037135295659955
4NM8,D,LYS,62,F,ASP,90,3.4158419112537257
4NM8,D,ARG,170,B,GLU,128,4.2528954718673395
4NM8,F,ARG,163,B,GLU,131,3.6031723880793054
4NM8,C,ARG,101,D,GLU,67,4.260848422007284
4NM8,F,LYS,62,B,ASP,90,3.212449557948157
4NM8,E,ARG,261,F,GLU,67,4.369958458346628
4NM8,B,ARG,76,F,GLU,74,3.6509192167339393
1CZ8,W,ARG,10,V,GLU,17,4.480364775577993
1CZ8,V,ARG,10,W,GLU,17,4.495089883697495
1CZ8,H,LYS,218,L,ASP,122,2.8129389612476983
1CZ8,H,LYS,213,L,GLU,123,3.7311695939581657
2JEL,L,LYS,55,H,GLU,102,3.833694375361154
2JEL,L,LYS,55,P,GLU,66,2.849266372786209
4YFD,B,LYS,71,A,ASP,260,3.3086201672711484
4YFD,B,LYS,71,A,GLU,259,3.805379024992446
4YFD,A,LYS,156,B,ASP,2,3.2423102285890835
3UIG,3,ARG,33,2,GLU,32,4.03262828857067
3UIG,9,ARG,129,2,GLU,132,3.943141373026939
3UIG,1,LYS,11,2,GLU,32,3.34796569853172
3UIG,4,ARG,104,1,ASP,101,4.557387157789913
3UIG,1,LYS,11,6,GLU,36,3.487326058821071
3F1S,A,LYS,201,B,ASP,151,3.5277709087199036
3F1S,B,ARG,196,A,ASP,255,3.5528247478234265
3F1S,A,LYS,201,B,GLU,149,3.1576230674652197
3F1S,B,HIS,155,A,ASP,200,4.0443984201546925
3F1S,A,ARG,299,B,ASP,121,5.045964305844298
3F1S,B,ARG,248,A,ASP,36,3.5763256419387544
1WQJ,B,ARG,26,I,ASP,19,4.517455385774518
1AO7,A,ARG,48,B,ASP,54,3.875969481625354
1AO7,A,ARG,65,D,ASP,93,3.820648602285984
1AO7,D,LYS,66,A,GLU,166,3.334015975300776
4RS1,B,ARG,149,A,ASP,92,4.692324571978857
4RS1,B,LYS,174,A,ASP,92,3.8192074142282877
4RS1,B,ARG,39,A,GLU,21,3.9021208242333993
2B0U,B,HIS,36,C,GLU,125,3.9316830888130285
2NY7,H,LYS,223,L,GLU,124,3.5082971012896547
2NY7,L,ARG,33,H,ASP,110,5.118304070411466
2C0L,B,LYS,17,A,ASP,277,3.0222573893789
2C0L,A,ARG,261,B,GLU,14,4.047663278343241
1KIR,A,ARG,96,B,GLU,98,3.5043173559580127
2B42,A,HIS,357,B,GLU,171,3.728006628352827
2B42,B,ARG,121,A,GLU,337,4.345335502287243
1B2S,A,ARG,59,D,GLU,77,3.515694378112968
1B2S,A,ARG,83,D,ASP,40,3.5976269327403116
1B2S,A,ARG,87,D,ASP,40,3.763591422831376
1B2S,A,HIS,102,D,ASP,40,4.989647710340385
3G6D,A,ARG,105,L,ASP,49,3.3683090137472167
3G6D,A,ARG,105,H,ASP,106,3.74957108221116
3G6D,A,LYS,94,L,ASP,50,3.0704989306872785
5M2O,B,LYS,32,A,GLU,80,3.0117653934014608
1P69,B,LYS,101,A,ASP,13,3.781640682003275
1P69,A,LYS,27,B,GLU,36,3.502745042779378
1P69,B,LYS,103,A,ASP,13,3.254007260461809
1SMF,0,HIS,40,4,ASP,84,3.909778681744783
4WND,A,ARG,201,B,GLU,11,3.459356512028703
4WND,A,ARG,215,B,GLU,9,4.231259697864355
4WND,A,ARG,124,B,GLU,16,3.846552316935758
4WND,B,LYS,18,A,ASP,69,2.6303417823556874
4WND,A,ARG,216,B,GLU,11,3.5333587036016456
3HH2,C,ARG,6,B,ASP,1,3.9932012609319543
3HH2,B,LYS,39,C,GLU,126,3.0941110590273624
3HH2,C,ARG,187,B,GLU,91,3.5643734623535903
3IDX,G,LYS,235,H,ASP,108,3.4339661439306948
4JFE,A,LYS,66,C,GLU,1,3.023045969202412
4JFE,E,HIS,138,D,GLU,193,3.4968949935057565
4JFE,E,ARG,196,D,ASP,136,3.6082056945109553
4BFI,B,LYS,99,A,GLU,92,3.6491477393656147
1BJ1,H,LYS,218,L,ASP,122,3.684372732524859
1BJ1,H,LYS,213,L,GLU,123,3.7125305014267145
5UFQ,C,LYS,55,A,ASP,38,3.190453374012807
5UFQ,C,LYS,36,A,GLU,63,3.767067035745641
5UFQ,C,LYS,30,A,GLU,63,4.147277641710343
4KRP,B,ARG,19,A,GLU,353,4.56244758471013
4KRP,A,ARG,327,B,GLU,105,4.395534693313908
4KRP,A,ARG,327,B,ASP,107,4.6967099209108
4KRP,A,ARG,325,B,ASP,107,4.0239700479051494
4JFF,A,LYS,66,C,GLU,1,3.3740684922893824
4JFF,A,ARG,35,B,ASP,54,4.118500142012921
4JFF,A,ARG,202,B,ASP,99,3.3059746091875755
4JFF,E,ARG,196,D,ASP,136,3.624713666749579
1B3S,A,ARG,59,D,GLU,77,4.3596806604087925
1B3S,A,ARG,83,D,ASP,40,3.513339537635509
1B3S,A,ARG,87,D,ASP,40,3.831517614734852
3Q8D,5,ARG,5,6,GLU,26,3.5959028018694057
3Q8D,5,LYS,205,7,GLU,127,3.5724681185526896
3Q8D,4,ARG,164,8,ASP,178,3.5212361988214718
3Q8D,0,ARG,30,2,ASP,22,3.337688000288761
3Q8D,1,ARG,131,4,GLU,134,3.664074006277738
3Q8D,8,LYS,188,9,ASP,159,3.5056321849668235
2UWE,A,ARG,65,F,GLU,56,4.528134498336333
2UWE,F,LYS,136,E,ASP,141,3.765245786414329
2UWE,F,ARG,189,E,ASP,141,3.5539720833700565
2UWE,A,ARG,48,B,ASP,54,3.745616578271331
2UWE,A,ARG,35,B,ASP,54,4.218096889520307
2UWE,B,LYS,7,A,GLU,232,3.908775393566811
2UWE,E,LYS,101,F,ASP,59,3.0690146469377173
1GC1,C,LYS,29,G,ASP,126,3.5652725280908504
1GC1,C,ARG,59,G,ASP,186,3.177187852727849
5E9D,A,ARG,202,B,ASP,97,5.132457168727616
5E9D,A,ARG,48,B,ASP,52,3.5307853337042205
5E9D,D,LYS,54,A,GLU,154,2.6756777082971026
1XD3,B,ARG,72,A,ASP,32,3.4539090909637133
4LRX,C,ARG,145,A,GLU,114,4.326394564579226
4LRX,C,ARG,189,D,GLU,282,4.252163700778371
4LRX,C,ARG,172,D,ASP,52,4.490436321983556
4LRX,C,ARG,38,A,GLU,118,4.455552562064735
4LRX,D,ARG,172,C,GLU,173,3.4327811962886963
4LRX,D,ARG,172,C,ASP,52,4.888066484243769
4LRX,C,HIS,25,A,ASP,84,4.192010533264804
4LRX,C,ARG,172,D,GLU,173,3.750342724928602
4GNK,A,ARG,185,B,ASP,597,4.407511325907221
4GNK,B,LYS,598,A,GLU,174,3.099137754234681
1EMV,B,ARG,54,A,GLU,28,3.5572016959944697
1KNE,1,ARG,11,8,GLU,18,4.340421975706476
1KNE,2,ARG,52,9,GLU,49,4.075559190836973
3BT1,A,LYS,39,U,GLU,36,3.149315270271978
3BT1,A,LYS,54,U,GLU,36,3.897993798171558
1Y3D,I,ARG,62,E,GLU,156,3.5892002947085295
2JCC,A,ARG,65,F,GLU,56,4.597861594902436
2JCC,F,ARG,189,E,ASP,141,3.613687845691117
2JCC,A,ARG,48,B,ASP,54,4.035211970380878
2JCC,E,LYS,101,F,ASP,59,3.0365690833597374
2G2U,A,ARG,190,B,GLU,31,3.4814185613754773
2G2U,A,ARG,218,B,ASP,49,4.883824689668383
4U6H,A,LYS,212,B,GLU,128,3.715219661562726
4U6H,A,ARG,74,E,ASP,56,4.149581148841384
4U6H,E,LYS,121,A,GLU,59,3.439585653289513
1Y1K,I,ARG,62,E,GLU,156,3.7677908397994457
2BNQ,A,ARG,48,B,ASP,54,3.7586507723100464
2BNQ,A,ARG,35,B,ASP,54,3.377972351801597
2BNQ,E,HIS,134,D,ASP,119,3.5152866527294773
2BNQ,E,ARG,192,D,ASP,140,3.4238620352974967
2BNQ,A,HIS,192,B,ASP,99,4.118965279266426
3QFJ,E,ARG,196,D,ASP,137,3.392817459246128
3QFJ,A,ARG,35,B,ASP,54,4.030234509870782
3QFJ,E,HIS,138,D,ASP,116,3.7659814106511362
3QFJ,A,ARG,65,D,ASP,93,3.847060305407822
3QFJ,D,LYS,66,A,GLU,166,3.584063056651115
3QFJ,B,LYS,7,A,GLU,232,3.7487585700589414
4KRO,B,ARG,15,A,GLU,397,4.274019790473357
4KRO,A,ARG,371,B,ASP,106,3.8692304250808993
4KRO,A,ARG,369,B,ASP,106,4.033410083444119
2NZ9,C,ARG,54,D,ASP,102,4.387743742397058
2NZ9,A,HIS,1036,D,ASP,101,3.6228292101827684
2NZ9,D,ARG,99,C,GLU,59,4.044200820579257
3QIB,P,LYS,8,D,ASP,100,3.9818958140905862
3QIB,D,HIS,136,C,ASP,115,3.7225299202486055
3QIB,D,ARG,194,C,ASP,136,3.5140490179516197
3QIB,B,ARG,135,A,ASP,29,4.101143326828195
3QIB,C,ARG,89,A,GLU,55,3.8238308038254605
3QIB,A,ARG,76,B,ASP,55,3.7414926888882296
3QIB,P,LYS,12,B,GLU,7,2.8307477179197087
3QIB,C,LYS,52,B,GLU,67,3.1440841321116304
3QIB,A,ARG,94,B,ASP,138,3.8226124485722046
3QIB,A,ARG,94,B,ASP,109,4.089730565612585
3QIB,C,ARG,38,D,GLU,155,4.381185748618139
3QIB,B,ARG,2,A,ASP,17,4.206422169340927
3QIB,B,ARG,91,A,GLU,47,4.99150005811381
3AAA,A,ARG,251,B,GLU,220,4.840719292124394
3AAA,B,ARG,194,A,ASP,193,3.347024636448749
3AAA,B,LYS,142,C,ASP,13,3.29638575448349
3AAA,A,LYS,248,C,ASP,43,3.367447752846465
3AAA,A,ARG,252,B,GLU,112,4.493278970676549
3AAA,A,ARG,258,C,GLU,77,4.14001303093426
3AAA,A,ARG,252,C,ASP,43,3.4364587158231297
3AAA,A,LYS,248,C,GLU,77,3.86658142963918
3AAA,A,LYS,11,B,ASP,26,3.570310076651094
3AAA,B,ARG,14,A,GLU,20,4.8621878399476985
4N8V,A,ARG,35,B,ASP,54,4.372296523501813
4N8V,A,ARG,145,G,ASP,125,4.130146185010193
4N8V,A,HIS,151,G,GLU,96,4.304669062913161
4UYP,D,ARG,22,A,GLU,78,4.255140794415714
4UYP,D,LYS,50,A,GLU,128,2.9028036477534886
1P6A,B,LYS,101,A,ASP,13,3.80995055046114
1P6A,A,LYS,27,B,GLU,36,3.5413442397007024
1P6A,B,LYS,103,A,ASP,13,3.030007860947974
1GRN,B,LYS,83,A,ASP,63,3.0345453930801614
1GRN,B,ARG,87,A,ASP,63,5.025569705619058
1XGQ,B,LYS,208,A,GLU,124,3.975035087284925
1XGQ,C,LYS,97,B,ASP,32,3.2750060435485375
1U7F,A,ARG,41,C,ASP,179,3.3704100914992425
1U7F,B,ARG,48,A,ASP,181,3.1821068104910424
1U7F,C,ARG,58,B,ASP,140,3.4782875709398664
1U7F,A,ARG,61,C,GLU,132,3.5603825706133447
1U7F,C,ARG,39,B,ASP,184,3.3990455376990205
1U7F,B,HIS,4,C,ASP,33,3.5311672266987615
1U7F,C,ARG,50,B,ASP,140,4.065300409915899
3EQY,9,ARG,79,6,ASP,76,4.587529645779594
2BDN,H,ARG,98,A,GLU,36,3.6257448142866067
2BDN,A,LYS,53,H,ASP,52,3.0334281069886426
2BDN,L,ARG,32,A,ASP,65,4.713580185065968
2BDN,L,ARG,32,A,ASP,62,4.316510495060074
2BDN,H,LYS,212,L,GLU,123,4.110939888778003
1N8Z,B,ARG,50,C,ASP,544,4.56628014784029
1N8Z,B,ARG,50,C,GLU,542,4.21531661557615
3B4V,C,HIS,57,A,ASP,89,4.055261099452964
3B4V,B,HIS,35,C,ASP,120,3.948029397912743
5XCO,B,ARG,1,A,GLU,63,3.799080949798174
5XCO,A,ARG,103,B,ASP,12,3.433389625412154
1BD2,E,HIS,135,D,ASP,116,4.6627072172622075
1BD2,A,ARG,35,B,ASP,53,3.927408217061488
1BD2,E,ARG,193,D,ASP,133,3.750375697322501
1BD2,A,ARG,65,D,GLU,93,5.059386169058028
1BD2,B,LYS,6,A,GLU,232,3.1573786595384647
2AK4,E,HIS,134,D,ASP,120,3.7242075435125046
2AK4,A,ARG,35,B,ASP,53,3.955919110336096
2AK4,A,ARG,48,B,ASP,53,3.866165077044844
2AK4,E,ARG,192,D,ASP,141,3.356748381674681
1C4Z,B,LYS,305,C,ASP,134,3.0184114458601687
1C4Z,D,LYS,93,A,ASP,145,3.161581375390991
1C4Z,B,ARG,244,A,ASP,247,3.9672460980771427
1C4Z,C,ARG,244,B,ASP,247,3.5133749731057473
1C4Z,A,ARG,244,C,ASP,247,3.378296795491626
1C4Z,B,LYS,192,A,GLU,39,3.3339540598769912
1C4Z,B,ARG,130,A,ASP,47,4.285280522695493
1C4Z,C,ARG,130,B,ASP,47,4.407885370332108
2P5E,A,ARG,65,E,ASP,54,3.63540008605283
2P5E,A,ARG,48,B,ASP,54,3.833154732345307
2P5E,A,ARG,35,B,ASP,54,4.089071045093594
2P5E,E,ARG,192,D,ASP,142,3.5360628421671914
2P5E,A,HIS,192,B,ASP,99,4.354055805472011
4P23,D,ARG,43,C,GLU,86,4.722530444566127
4P23,D,ARG,43,C,ASP,143,4.254961759017796
4P23,C,LYS,95,D,ASP,131,3.826045310080456
4P23,B,HIS,133,A,ASP,115,3.6266184255564795
4P23,A,LYS,92,D,GLU,2,3.1098291344062896
4P23,C,LYS,40,B,GLU,54,2.9309729090363867
4P23,B,ARG,191,A,ASP,136,3.472851980792523
4P23,C,ARG,77,D,ASP,66,3.5186802365666012
4P23,D,ARG,159,C,ASP,30,4.201264973981305
4P23,C,LYS,95,D,ASP,162,3.066702237804914
4P23,A,ARG,96,B,ASP,57,3.494264837831473
3SE3,A,HIS,221,B,ASP,68,4.26867998937794
3SE3,B,ARG,121,C,GLU,67,4.2418652011481335
2WPT,B,LYS,82,A,GLU,38,3.02224990532508
2WPT,B,ARG,47,A,GLU,27,3.4953527808743976
2WPT,B,LYS,90,A,GLU,38,3.022949101950323
4GXU,D,ARG,76,B,GLU,74,3.5506188603334032
4GXU,D,ARG,76,A,GLU,102,4.363287780072152
4GXU,F,ARG,116,D,GLU,120,3.6830363270686632
4GXU,M,LYS,156,N,GLU,129,3.9040043602207435
4GXU,B,ARG,116,F,GLU,120,3.7514381614570556
4GXU,F,ARG,76,C,GLU,102,4.520889723268845
4GXU,F,ARG,76,D,GLU,74,3.3665987258246486
4GXU,C,ARG,104,D,GLU,69,3.593847263818802
4GXU,E,ARG,310,F,ASP,90,4.164886239822753
4GXU,A,ARG,310,B,ASP,90,4.023704161627826
4GXU,B,ARG,76,E,GLU,102,4.555544172363539
4GXU,D,LYS,83,B,ASP,85,3.1118520483701975
4GXU,D,ARG,116,B,GLU,120,3.274496066309606
4GXU,B,ARG,76,F,GLU,74,3.393960137305578
1JTD,A,LYS,85,B,ASP,93,3.1769574218505174
1FFW,A,LYS,125,B,GLU,59,2.9689739874156817
4JPK,H,ARG,72,A,ASP,141,3.6592993889695724
4JEU,B,LYS,1,A,ASP,15,4.079354449729375
4JEU,B,ARG,3,A,GLU,130,4.725526885712659
4JEU,B,ARG,96,A,GLU,57,4.168660911350634
3NCC,A,ARG,164,B,GLU,43,3.780451234747807
3NCC,A,ARG,164,B,ASP,96,4.482534480333249
3NCC,A,LYS,56,B,GLU,18,2.7843777048824854
3NCC,A,LYS,56,B,ASP,134,4.118714259135707
3NCC,A,LYS,174,B,ASP,187,4.008055022303899
1DAN,T,LYS,43,L,GLU,77,3.251378758927238
1DAN,L,ARG,79,T,GLU,19,4.967445689455061
1DAN,H,ARG,227,U,GLU,1,4.059369702964273
1DAN,L,LYS,85,T,ASP,56,4.083578495230393
1DAN,L,ARG,79,T,GLU,51,3.4967336139771064
1DAN,L,ARG,113,H,GLU,113,3.338410305349391
1DAN,T,LYS,36,U,GLU,9,3.1272710930016463
3N4I,A,ARG,190,B,GLU,31,3.449813495917318
3N4I,B,LYS,74,A,GLU,79,3.8578962126646617
3N4I,A,ARG,218,B,ASP,49,4.939985079601781
4HSA,B,ARG,28,C,ASP,261,3.566698099784858
4HSA,B,ARG,13,A,GLU,86,3.4720533899079213
4HSA,B,ARG,37,C,GLU,126,3.9978141796243065
3D5R,C,ARG,31,A,ASP,39,4.7993147434781935
1OGA,E,ARG,191,D,ASP,136,3.5323357773441035
1OGA,A,ARG,48,B,ASP,54,3.7230346666625342
1OGA,A,ARG,35,B,ASP,54,4.1260934818905834
1OGA,A,ARG,202,B,ASP,99,4.135136023919709
1OGA,E,HIS,133,D,ASP,115,3.6381558748317353
1OGA,D,ARG,122,E,GLU,125,3.4033039601466246
1OGA,A,HIS,192,B,ASP,99,4.628117609932605
5UFE,B,LYS,36,A,GLU,63,3.3678943270573094
1Z7X,X,ARG,38,W,GLU,401,4.262483056177749
1Z7X,X,ARG,90,W,GLU,287,3.35978318319538
1Z7X,X,ARG,31,W,ASP,36,3.4727349855006553
1X1X,A,HIS,102,D,ASP,39,4.899079718304772
1X1X,A,ARG,83,D,ASP,39,3.5695276565556924
1X1X,A,ARG,87,D,ASP,39,3.9103455928725683
4PWX,A,ARG,202,B,ASP,60,3.8146000200828616
4PWX,D,HIS,8,C,GLU,213,3.924335086564119
4PWX,B,ARG,207,A,ASP,60,3.785095046777866
3HG1,D,ARG,27,A,GLU,166,4.16319546795429
3HG1,A,ARG,65,E,GLU,59,4.314528930099801
3HG1,A,LYS,66,C,GLU,1,3.2341729087062165
3HG1,E,ARG,195,D,ASP,135,3.107964770184013
3HG1,A,HIS,192,B,ASP,99,4.2595959706310085
2DVW,A,ARG,143,B,ASP,27,4.813604385603438
2DVW,B,LYS,62,A,ASP,69,3.1337548854266224
2DVW,B,ARG,7,A,GLU,180,3.3987515425056904
2DVW,A,ARG,39,B,GLU,22,4.371057000482805
2DVW,B,LYS,62,A,ASP,37,3.884004435610192
4HRN,A,HIS,45,D,GLU,13,3.686820725698303
2QJ9,A,LYS,5,C,ASP,15,3.5797829713275435
4MNQ,C,LYS,4,D,ASP,89,3.0254848068681244
4MNQ,A,ARG,48,B,ASP,54,3.0950570197570673
4MNQ,D,ARG,67,A,GLU,166,3.64783436580938
4MNQ,E,ARG,191,D,ASP,137,3.6438904286328695
4MNQ,A,ARG,65,E,ASP,55,3.923670821625847
4MNQ,B,LYS,7,A,GLU,232,3.45185960541857
4MNQ,B,HIS,14,A,ASP,238,4.93933522073166
4MNQ,A,HIS,192,B,ASP,99,4.788045128276885
4RA0,A,ARG,30,C,GLU,33,3.4598842365675817
4RA0,A,ARG,28,C,GLU,59,5.05712966900511
4RA0,A,ARG,28,C,GLU,30,4.200163342334547
4RA0,A,LYS,32,C,GLU,33,3.3341944275149293
4JGH,B,ARG,68,C,GLU,73,3.6608161989509496
4JGH,C,ARG,66,B,ASP,2,4.954763376068936
4JGH,C,ARG,47,D,ASP,33,4.006755487520292
4JGH,C,ARG,47,D,ASP,37,3.8698815122087407
4E6K,B,ARG,30,A,ASP,56,3.5690958160132413
4E6K,A,ARG,30,B,ASP,56,3.586516017289164
1DVF,D,HIS,33,B,ASP,100,3.831002022647814
1DVF,A,ARG,96,B,GLU,98,3.432393794000631
2GOX,B,ARG,31,A,ASP,39,4.969687815176044
1FR2,B,ARG,53,A,GLU,28,3.381779866268953
2PYE,A,ARG,35,B,ASP,54,3.586599037761778
2PYE,A,ARG,65,E,ASP,55,3.671424729431751
2PYE,E,ARG,193,D,ASP,142,3.749365046485713
2PYE,A,HIS,192,B,ASP,99,4.517412960655571
4X4M,E,LYS,153,B,ASP,35,3.7630375923159827
4X4M,E,LYS,125,A,GLU,41,3.438792569046296
3SF4,A,ARG,124,D,ASP,38,3.6558752774242613
3SF4,D,LYS,27,A,ASP,69,2.524486366428087
3SF4,A,ARG,202,D,GLU,19,3.4690353808656735
3SF4,A,ARG,217,D,GLU,19,3.6819413177157934
3SF4,A,ARG,216,D,GLU,17,3.7809174016787517
2B2X,A,HIS,116,H,ASP,101,5.261135817514981
2B2X,H,LYS,206,L,GLU,122,2.8795689825296775
